Date,High,Low,Open,Close,Volume,Adj Close
2010-01-04,48.279998779296875,47.31999969482422,47.380001068115234,47.790000915527344,4923600.0,34.16313552856445
2010-01-05,48.2599983215332,47.38999938964844,47.77000045776367,48.119998931884766,3610000.0,34.3990364074707
2010-01-06,50.099998474121094,48.04999923706055,48.04999923706055,49.56999969482422,6650900.0,35.435577392578125
2010-01-07,49.290000915527344,48.11000061035156,49.290000915527344,49.22999954223633,4732000.0,35.192535400390625
2010-01-08,50.439998626708984,48.83000183105469,49.130001068115234,49.93000030517578,6611200.0,35.692935943603516
2010-01-11,50.720001220703125,48.959999084472656,50.68000030517578,49.63999938964844,4522300.0,35.48561477661133
2010-01-12,48.939998626708984,47.86000061035156,48.79999923706055,48.40999984741211,5210800.0,34.606353759765625
2010-01-13,48.880001068115234,47.38999938964844,48.40999984741211,48.43000030517578,3397200.0,34.62065505981445
2010-01-14,48.540000915527344,47.380001068115234,48.38999938964844,47.90999984741211,4450700.0,34.24892044067383
2010-01-15,48.08000183105469,47.0099983215332,47.939998626708984,47.43000030517578,3922200.0,33.90578079223633
2010-01-19,48.25,47.119998931884766,47.45000076293945,48.11000061035156,3438400.0,34.39189910888672
2010-01-20,47.689998626708984,46.95000076293945,47.58000183105469,47.11000061035156,5049300.0,33.67702865600586
2010-01-21,47.25,45.599998474121094,47.11000061035156,45.689998626708984,5712900.0,32.66192626953125
2010-01-22,45.4900016784668,43.52000045776367,44.43000030517578,44.189998626708984,7093600.0,31.58963394165039
2010-01-25,45.349998474121094,43.9900016784668,44.93000030517578,44.130001068115234,5990800.0,31.54676055908203
2010-01-26,44.61000061035156,42.75,42.93000030517578,43.560001373291016,7585900.0,31.139291763305664
2010-01-27,44.060001373291016,41.650001525878906,43.38999938964844,42.59000015258789,7340000.0,30.44586753845215
2010-01-28,43.310001373291016,41.099998474121094,43.310001373291016,41.400001525878906,6786700.0,29.595182418823242
2010-01-29,42.290000915527344,40.56999969482422,42.040000915527344,40.79999923706055,6653700.0,29.16626739501953
2010-02-01,42.16999816894531,41.06999969482422,41.29999923706055,41.970001220703125,4801700.0,30.002656936645508
2010-02-02,43.040000915527344,41.709999084472656,42.34000015258789,42.91999816894531,5357900.0,30.68177604675293
2010-02-03,43.18000030517578,41.79999923706055,42.41999816894531,41.939998626708984,5049400.0,29.981210708618164
2010-02-04,41.29999923706055,39.5,40.66999816894531,39.5,9175200.0,28.236948013305664
2010-02-05,40.540000915527344,38.93000030517578,39.970001220703125,40.459999084472656,8421400.0,28.9232234954834
2010-02-08,40.849998474121094,39.560001373291016,40.619998931884766,39.56999969482422,4748000.0,28.286998748779297
2010-02-09,40.97999954223633,39.880001068115234,40.41999816894531,40.459999084472656,5038000.0,28.9232234954834
2010-02-10,40.22999954223633,39.2400016784668,40.099998474121094,39.91999816894531,6147800.0,28.53719711303711
2010-02-11,41.16999816894531,39.900001525878906,40.08000183105469,41.150001525878906,5957000.0,29.416465759277344
2010-02-12,41.45000076293945,40.0,40.34000015258789,41.130001068115234,5982400.0,29.402164459228516
2010-02-16,42.77000045776367,41.72999954223633,41.97999954223633,42.689998626708984,7459600.0,30.517356872558594
2010-02-17,42.97999954223633,42.20000076293945,42.97999954223633,42.439998626708984,4983200.0,30.338626861572266
2010-02-18,43.779998779296875,42.279998779296875,42.45000076293945,43.619998931884766,6230100.0,31.182170867919922
2010-02-19,45.040000915527344,43.20000076293945,43.2599983215332,44.349998474121094,7040500.0,31.70401382446289
2010-02-22,44.4900016784668,43.529998779296875,44.459999084472656,43.65999984741211,5398900.0,31.21076202392578
2010-02-23,43.70000076293945,41.689998626708984,43.5099983215332,42.0,6989100.0,30.024097442626953
2010-02-24,42.90999984741211,41.68000030517578,42.34000015258789,42.09000015258789,5767200.0,30.088436126708984
2010-02-25,41.970001220703125,40.5,41.11000061035156,41.880001068115234,5943500.0,29.938316345214844
2010-02-26,42.06999969482422,40.869998931884766,41.97999954223633,41.400001525878906,6456900.0,29.595182418823242
2010-03-01,42.61000061035156,41.4900016784668,41.779998779296875,42.369998931884766,5729600.0,30.288606643676758
2010-03-02,43.290000915527344,42.5,42.93000030517578,42.90999984741211,5721400.0,30.674617767333984
2010-03-03,43.97999954223633,43.130001068115234,43.22999954223633,43.15999984741211,4400600.0,30.85332489013672
2010-03-04,43.68000030517578,42.90999984741211,43.15999984741211,43.5099983215332,4517200.0,31.103534698486328
2010-03-05,44.720001220703125,43.95000076293945,44.060001373291016,44.560001373291016,4963900.0,31.854137420654297
2010-03-08,45.2599983215332,44.720001220703125,44.939998626708984,44.84000015258789,5328200.0,32.05430221557617
2010-03-09,45.31999969482422,44.310001373291016,44.5099983215332,44.93000030517578,4952400.0,32.1186408996582
2010-03-10,45.4900016784668,44.54999923706055,44.9900016784668,45.029998779296875,4868800.0,32.19013214111328
2010-03-11,45.029998779296875,44.16999816894531,44.400001525878906,45.0099983215332,4522300.0,32.17582321166992
2010-03-12,45.459999084472656,44.7599983215332,45.220001220703125,45.279998779296875,6052300.0,32.36883544921875
2010-03-15,45.20000076293945,44.630001068115234,44.9900016784668,45.119998931884766,5030800.0,32.254451751708984
2010-03-16,46.20000076293945,45.04999923706055,45.790000915527344,46.06999969482422,6990500.0,32.93357849121094
2010-03-17,46.220001220703125,44.869998931884766,45.869998931884766,45.11000061035156,7720600.0,32.247318267822266
2010-03-18,45.4900016784668,44.31999969482422,45.13999938964844,44.7400016784668,4503600.0,31.982818603515625
2010-03-19,45.0099983215332,43.970001220703125,44.38999938964844,44.38999938964844,6494500.0,31.732616424560547
2010-03-22,44.709999084472656,43.540000915527344,43.7400016784668,44.65999984741211,3256700.0,31.92561149597168
2010-03-23,46.38999938964844,44.709999084472656,44.81999969482422,46.33000183105469,5863900.0,33.11943435668945
2010-03-24,46.11000061035156,45.630001068115234,46.04999923706055,45.81999969482422,4313600.0,32.75485610961914
2010-03-25,46.43000030517578,44.7599983215332,46.43000030517578,44.880001068115234,5180200.0,32.08290481567383
2010-03-26,46.0,45.09000015258789,45.209999084472656,45.66999816894531,4033900.0,32.64763259887695
2010-03-29,46.380001068115234,45.70000076293945,45.9900016784668,46.040000915527344,3409800.0,33.17363739013672
2010-03-30,46.459999084472656,45.189998626708984,46.459999084472656,45.560001373291016,2833400.0,32.8277702331543
2010-03-31,45.83000183105469,45.2400016784668,45.41999816894531,45.380001068115234,3034600.0,32.69807434082031
2010-04-01,46.220001220703125,45.56999969482422,45.97999954223633,45.95000076293945,2971000.0,33.10877227783203
2010-04-05,47.849998474121094,46.08000183105469,46.439998626708984,47.529998779296875,5907200.0,34.24723815917969
2010-04-06,48.04999923706055,47.119998931884766,47.47999954223633,47.63999938964844,4088900.0,34.32649612426758
2010-04-07,48.060001373291016,47.2400016784668,47.439998626708984,47.61000061035156,6488500.0,34.30488204956055
2010-04-08,47.59000015258789,46.959999084472656,47.25,47.4900016784668,4715700.0,34.21841812133789
2010-04-09,47.810001373291016,46.959999084472656,47.709999084472656,47.400001525878906,4397600.0,34.153560638427734
2010-04-12,47.72999954223633,46.959999084472656,47.45000076293945,47.150001525878906,3261500.0,33.97343444824219
2010-04-13,47.439998626708984,46.41999816894531,47.150001525878906,47.0,4527700.0,33.8653564453125
2010-04-14,47.77000045776367,47.16999816894531,47.599998474121094,47.66999816894531,5042100.0,34.34811019897461
2010-04-15,47.599998474121094,46.529998779296875,47.599998474121094,46.650001525878906,6026500.0,33.613155364990234
2010-04-16,46.61000061035156,45.150001525878906,46.310001373291016,45.63999938964844,6421000.0,32.88541030883789
2010-04-19,45.599998474121094,44.7599983215332,45.290000915527344,45.529998779296875,5724700.0,32.806156158447266
2010-04-20,46.25,44.72999954223633,45.970001220703125,45.2599983215332,6513700.0,32.611610412597656
2010-04-21,45.560001373291016,44.54999923706055,45.34000015258789,45.11000061035156,5332900.0,32.50353240966797
2010-04-22,45.439998626708984,43.66999816894531,44.88999938964844,45.27000045776367,6567400.0,32.61882019042969
2010-04-23,46.2400016784668,45.0099983215332,45.709999084472656,46.060001373291016,5576600.0,33.18803787231445
2010-04-26,46.79999923706055,45.70000076293945,46.400001525878906,45.7599983215332,4307500.0,32.97187423706055
2010-04-27,46.02000045776367,44.4900016784668,45.68000030517578,44.619998931884766,7392200.0,32.15047073364258
2010-04-28,45.130001068115234,44.29999923706055,45.130001068115234,45.0099983215332,4818900.0,32.43146896362305
2010-04-29,45.93000030517578,45.11000061035156,45.38999938964844,45.65999984741211,4459200.0,32.89982223510742
2010-04-30,46.16999816894531,45.279998779296875,45.86000061035156,45.31999969482422,6374400.0,32.654842376708984
2010-05-03,46.150001525878906,44.880001068115234,45.810001373291016,45.93000030517578,4699300.0,33.09436798095703
2010-05-04,45.599998474121094,44.65999984741211,45.25,45.15999984741211,5433900.0,32.53955078125
2010-05-05,47.0099983215332,44.09000015258789,44.09000015258789,45.77000045776367,7855300.0,32.97908401489258
2010-05-06,46.689998626708984,42.63999938964844,45.38999938964844,44.70000076293945,7931300.0,32.20811080932617
2010-05-07,45.77000045776367,43.040000915527344,44.47999954223633,44.900001525878906,8373100.0,32.35219955444336
2010-05-10,46.77000045776367,45.900001525878906,46.58000183105469,46.56999969482422,5379600.0,33.55551528930664
2010-05-11,46.7400016784668,45.630001068115234,45.91999816894531,45.9900016784668,3919000.0,33.13759994506836
2010-05-12,46.869998931884766,45.95000076293945,46.349998474121094,46.77000045776367,3945400.0,33.699623107910156
2010-05-13,47.47999954223633,46.189998626708984,46.970001220703125,46.33000183105469,4872000.0,33.3825798034668
2010-05-14,46.08000183105469,44.97999954223633,45.84000015258789,45.88999938964844,5772100.0,33.0655403137207
2010-05-17,46.040000915527344,44.560001373291016,45.959999084472656,45.529998779296875,6162700.0,32.806156158447266
2010-05-18,46.45000076293945,44.369998931884766,46.040000915527344,44.5099983215332,6269500.0,32.07120132446289
2010-05-19,45.130001068115234,43.75,44.08000183105469,44.560001373291016,6450700.0,32.10722732543945
2010-05-20,43.900001525878906,42.27000045776367,43.31999969482422,42.709999084472656,7989000.0,30.774229049682617
2010-05-21,43.439998626708984,41.720001220703125,41.83000183105469,42.95000076293945,9555600.0,30.947172164916992
2010-05-24,43.470001220703125,42.25,42.75,42.25,4467000.0,30.442785263061523
2010-05-25,42.9900016784668,40.560001373291016,40.810001373291016,42.900001525878906,7794200.0,30.911136627197266
2010-05-26,44.0,42.31999969482422,43.220001220703125,42.45000076293945,6652500.0,30.586896896362305
2010-05-27,43.88999938964844,42.97999954223633,43.79999923706055,43.849998474121094,5412400.0,31.59564208984375
2010-05-28,43.720001220703125,42.619998931884766,43.560001373291016,43.04999923706055,3816200.0,31.01921272277832
2010-06-01,42.9900016784668,41.43000030517578,42.560001373291016,41.43000030517578,4082000.0,29.8519344329834
2010-06-02,42.83000183105469,41.59000015258789,41.619998931884766,42.7599983215332,4452800.0,30.810260772705078
2010-06-03,43.20000076293945,41.81999969482422,43.11000061035156,42.540000915527344,3936900.0,30.6517333984375
2010-06-04,42.09000015258789,40.66999816894531,41.689998626708984,40.93000030517578,5618900.0,29.491674423217773
2010-06-07,41.220001220703125,40.119998931884766,41.060001373291016,40.119998931884766,4526000.0,28.908035278320312
2010-06-08,41.04999923706055,39.83000183105469,40.16999816894531,40.95000076293945,6361800.0,29.506078720092773
2010-06-09,41.939998626708984,40.869998931884766,41.279998779296875,41.09000015258789,6426200.0,29.60696029663086
2010-06-10,42.4900016784668,41.689998626708984,41.900001525878906,42.43000030517578,4642400.0,30.572486877441406
2010-06-11,42.779998779296875,42.0,42.0,42.630001068115234,3535600.0,30.716602325439453
2010-06-14,43.279998779296875,42.34000015258789,43.040000915527344,42.43000030517578,3767600.0,30.572486877441406
2010-06-15,42.72999954223633,41.279998779296875,42.34000015258789,42.650001525878906,6498700.0,30.730998992919922
2010-06-16,42.369998931884766,41.90999984741211,42.16999816894531,42.16999816894531,4092500.0,30.38514518737793
2010-06-17,42.2599983215332,41.0099983215332,42.2599983215332,41.689998626708984,5274800.0,30.039287567138672
2010-06-18,41.97999954223633,41.22999954223633,41.7599983215332,41.4900016784668,5197200.0,29.89517593383789
2010-06-21,42.93000030517578,41.47999954223633,42.29999923706055,41.77000045776367,5653700.0,30.096920013427734
2010-06-22,42.060001373291016,40.9900016784668,41.75,41.08000183105469,4751300.0,29.599750518798828
2010-06-23,41.959999084472656,40.84000015258789,41.08000183105469,41.720001220703125,4594800.0,30.060909271240234
2010-06-24,41.58000183105469,40.459999084472656,41.34000015258789,40.540000915527344,4973600.0,29.21065902709961
2010-06-25,41.31999969482422,40.040000915527344,40.65999984741211,41.15999984741211,5737800.0,29.657392501831055
2010-06-28,41.02000045776367,40.099998474121094,41.02000045776367,40.13999938964844,4063400.0,29.177648544311523
2010-06-29,39.61000061035156,38.279998779296875,39.5,38.47999954223633,7586400.0,27.970998764038086
2010-06-30,39.220001220703125,38.18000030517578,38.43000030517578,38.279998779296875,4621700.0,27.825613021850586
2010-07-01,38.90999984741211,37.349998474121094,38.33000183105469,37.7599983215332,6919700.0,27.447629928588867
2010-07-02,38.06999969482422,37.310001373291016,38.0099983215332,37.31999969482422,3749100.0,27.1278018951416
2010-07-06,38.31999969482422,36.95000076293945,37.900001525878906,37.369998931884766,4605700.0,27.16413688659668
2010-07-07,39.08000183105469,37.130001068115234,37.279998779296875,39.06999969482422,5371800.0,28.39986228942871
2010-07-08,39.45000076293945,38.41999816894531,39.439998626708984,39.11000061035156,4634900.0,28.428937911987305
2010-07-09,39.91999816894531,39.0099983215332,39.09000015258789,39.61000061035156,2693400.0,28.792390823364258
2010-07-12,39.54999923706055,38.40999984741211,39.54999923706055,38.66999816894531,3633000.0,28.109106063842773
2010-07-13,39.459999084472656,38.90999984741211,39.22999954223633,39.209999084472656,2781800.0,28.501628875732422
2010-07-14,39.63999938964844,38.630001068115234,39.41999816894531,39.400001525878906,3892400.0,28.639741897583008
2010-07-15,39.529998779296875,38.599998474121094,39.529998779296875,39.27000045776367,3305200.0,28.545242309570312
2010-07-16,38.970001220703125,38.0099983215332,38.970001220703125,38.09000015258789,3872100.0,27.68750762939453
2010-07-19,38.70000076293945,38.09000015258789,38.36000061035156,38.45000076293945,2578400.0,27.949188232421875
2010-07-20,39.90999984741211,37.959999084472656,38.0,39.81999969482422,4047600.0,28.94503402709961
2010-07-21,40.400001525878906,38.790000915527344,40.130001068115234,39.11000061035156,4570300.0,28.428937911987305
2010-07-22,40.65999984741211,39.29999923706055,39.9900016784668,39.66999816894531,4412900.0,28.835994720458984
2010-07-23,40.0,38.86000061035156,40.0,39.84000015258789,5863800.0,28.959579467773438
2010-07-26,40.18000030517578,39.5099983215332,39.77000045776367,40.11000061035156,3228000.0,29.155839920043945
2010-07-27,40.59000015258789,39.13999938964844,40.529998779296875,39.79999923706055,3945300.0,28.930498123168945
2010-07-28,40.0,39.38999938964844,39.529998779296875,39.54999923706055,2791200.0,28.748777389526367
2010-07-29,40.04999923706055,38.81999969482422,39.810001373291016,39.15999984741211,2861100.0,28.465293884277344
2010-07-30,39.290000915527344,38.630001068115234,38.720001220703125,39.13999938964844,2608600.0,28.45074462890625
2010-08-02,40.400001525878906,39.560001373291016,39.720001220703125,40.27000045776367,2310400.0,29.272146224975586
2010-08-03,40.4900016784668,39.650001525878906,40.150001525878906,39.86000061035156,3184300.0,28.9741153717041
2010-08-04,40.34000015258789,39.720001220703125,40.08000183105469,40.29999923706055,2313300.0,29.293943405151367
2010-08-05,40.11000061035156,39.560001373291016,40.09000015258789,39.97999954223633,2415800.0,29.06134033203125
2010-08-06,40.349998474121094,39.41999816894531,39.61000061035156,39.9900016784668,3078900.0,29.068613052368164
2010-08-09,40.150001525878906,39.68000030517578,40.06999969482422,40.02000045776367,1551000.0,29.09041404724121
2010-08-10,40.0,39.0,39.540000915527344,39.70000076293945,2791600.0,28.85781478881836
2010-08-11,39.20000076293945,38.349998474121094,39.060001373291016,38.36000061035156,3107400.0,27.883769989013672
2010-08-12,38.77000045776367,37.81999969482422,37.97999954223633,38.560001373291016,2865900.0,28.029151916503906
2010-08-13,38.45000076293945,38.0099983215332,38.310001373291016,38.09000015258789,1993200.0,27.68750762939453
2010-08-16,38.58000183105469,37.83000183105469,38.02000045776367,38.41999816894531,1881100.0,27.927377700805664
2010-08-17,39.68000030517578,38.66999816894531,38.66999816894531,39.31999969482422,2843400.0,28.58158302307129
2010-08-18,39.63999938964844,38.95000076293945,39.27000045776367,39.34000015258789,2480200.0,28.596126556396484
2010-08-19,39.66999816894531,38.36000061035156,39.27000045776367,38.540000915527344,2837700.0,28.014619827270508
2010-08-20,38.43000030517578,38.0,38.290000915527344,38.369998931884766,2534900.0,27.89103126525879
2010-08-23,38.58000183105469,37.75,38.52000045776367,37.7599983215332,2847400.0,27.447629928588867
2010-08-24,37.459999084472656,36.599998474121094,37.369998931884766,36.68000030517578,4952600.0,26.662580490112305
2010-08-25,36.81999969482422,35.709999084472656,36.400001525878906,36.68000030517578,8353900.0,26.662580490112305
2010-08-26,37.13999938964844,36.33000183105469,36.970001220703125,36.380001068115234,2999900.0,26.44451141357422
2010-08-27,37.27000045776367,36.369998931884766,36.63999938964844,37.25,3039500.0,27.07691192626953
2010-08-30,37.4900016784668,36.65999984741211,36.9900016784668,36.65999984741211,2604900.0,26.64804458618164
2010-08-31,37.22999954223633,36.40999984741211,36.4900016784668,36.779998779296875,3036400.0,26.735273361206055
2010-09-01,38.060001373291016,37.20000076293945,37.31999969482422,37.959999084472656,3012900.0,27.59300994873047
2010-09-02,38.439998626708984,37.650001525878906,37.97999954223633,38.439998626708984,1935600.0,27.94192123413086
2010-09-03,38.95000076293945,38.310001373291016,38.900001525878906,38.68000030517578,2966100.0,28.116365432739258
2010-09-07,39.72999954223633,38.40999984741211,38.5099983215332,39.380001068115234,4104500.0,28.62520980834961
2010-09-08,40.45000076293945,39.36000061035156,39.439998626708984,40.029998779296875,3567600.0,29.097692489624023
2010-09-09,40.900001525878906,39.619998931884766,40.900001525878906,39.83000183105469,3022800.0,28.952299118041992
2010-09-10,40.349998474121094,39.619998931884766,39.93000030517578,40.09000015258789,1732500.0,29.14130210876465
2010-09-13,40.88999938964844,40.459999084472656,40.459999084472656,40.65999984741211,2187500.0,29.555627822875977
2010-09-14,40.04999923706055,38.04999923706055,39.29999923706055,39.40999984741211,6728600.0,28.647016525268555
2010-09-15,39.40999984741211,39.02000045776367,39.13999938964844,39.27000045776367,3623300.0,28.545242309570312
2010-09-16,39.529998779296875,38.88999938964844,39.0099983215332,38.95000076293945,3473300.0,28.312631607055664
2010-09-17,39.130001068115234,38.54999923706055,39.0,38.7400016784668,3206500.0,28.159984588623047
2010-09-20,38.81999969482422,38.09000015258789,38.36000061035156,38.7599983215332,3528800.0,28.174528121948242
2010-09-21,38.619998931884766,37.810001373291016,38.59000015258789,38.06999969482422,8789600.0,27.67296600341797
2010-09-22,38.689998626708984,37.720001220703125,38.029998779296875,37.84000015258789,4332900.0,27.505783081054688
2010-09-23,37.63999938964844,36.91999816894531,37.45000076293945,37.0,4822400.0,26.895193099975586
2010-09-24,37.779998779296875,37.220001220703125,37.4900016784668,37.63999938964844,3142800.0,27.36040687561035
2010-09-27,37.72999954223633,37.31999969482422,37.63999938964844,37.54999923706055,3056600.0,27.29499053955078
2010-09-28,38.08000183105469,36.970001220703125,37.400001525878906,38.02000045776367,4321700.0,27.90414810180664
2010-09-29,38.529998779296875,37.650001525878906,37.75,38.38999938964844,3750100.0,28.17570686340332
2010-09-30,38.79999923706055,38.029998779296875,38.56999969482422,38.20000076293945,3418600.0,28.036258697509766
2010-10-01,38.869998931884766,38.310001373291016,38.61000061035156,38.869998931884766,3526900.0,28.52798843383789
2010-10-04,38.790000915527344,38.25,38.63999938964844,38.54999923706055,3765800.0,28.293123245239258
2010-10-05,39.59000015258789,38.779998779296875,38.95000076293945,39.529998779296875,3699000.0,29.012378692626953
2010-10-06,40.31999969482422,39.5,39.54999923706055,39.83000183105469,3887900.0,29.232555389404297
2010-10-07,40.0099983215332,38.63999938964844,40.0,38.9900016784668,3896800.0,28.616060256958008
2010-10-08,40.04999923706055,38.91999816894531,38.91999816894531,39.91999816894531,3570300.0,29.29861831665039
2010-10-11,40.43000030517578,39.83000183105469,40.029998779296875,40.08000183105469,2239800.0,29.41604995727539
2010-10-12,40.18000030517578,39.529998779296875,39.88999938964844,39.880001068115234,3222400.0,29.269264221191406
2010-10-13,40.369998931884766,39.869998931884766,40.369998931884766,40.150001525878906,3586900.0,29.46742820739746
2010-10-14,40.25,39.27000045776367,40.150001525878906,39.63999938964844,3790200.0,29.093124389648438
2010-10-15,40.0,38.869998931884766,39.88999938964844,39.25,8579400.0,28.806886672973633
2010-10-18,39.56999969482422,38.810001373291016,39.02000045776367,39.5099983215332,2319100.0,28.997709274291992
2010-10-19,39.5,38.349998474121094,38.79999923706055,38.52000045776367,3867400.0,28.271116256713867
2010-10-20,39.4900016784668,38.66999816894531,38.66999816894531,39.380001068115234,3214100.0,28.902299880981445
2010-10-21,39.29999923706055,37.36000061035156,39.189998626708984,37.88999938964844,8120100.0,27.808732986450195
2010-10-22,38.25,37.70000076293945,38.150001525878906,37.880001068115234,3429000.0,27.801393508911133
2010-10-25,38.5,37.88999938964844,38.25,38.2599983215332,3553900.0,28.080291748046875
2010-10-26,38.06999969482422,37.380001068115234,37.63999938964844,37.880001068115234,2870000.0,27.801393508911133
2010-10-27,37.68000030517578,37.02000045776367,37.5,37.56999969482422,3291600.0,27.573869705200195
2010-10-28,38.099998474121094,37.65999984741211,37.79999923706055,37.959999084472656,2814700.0,27.860109329223633
2010-10-29,38.36000061035156,37.70000076293945,37.93000030517578,38.220001220703125,2297800.0,28.050933837890625
2010-11-01,38.81999969482422,37.959999084472656,38.38999938964844,38.20000076293945,2945900.0,28.036258697509766
2010-11-02,39.18000030517578,38.5,38.5,38.7400016784668,2788100.0,28.432573318481445
2010-11-03,38.970001220703125,37.900001525878906,38.970001220703125,38.540000915527344,3551900.0,28.28580093383789
2010-11-04,39.470001220703125,38.900001525878906,39.119998931884766,39.400001525878906,5102800.0,28.916980743408203
2010-11-05,40.810001373291016,39.36000061035156,39.36000061035156,40.400001525878906,4964700.0,29.650907516479492
2010-11-08,40.349998474121094,39.97999954223633,40.189998626708984,40.279998779296875,2620500.0,29.562829971313477
2010-11-09,40.939998626708984,39.79999923706055,40.41999816894531,39.91999816894531,3813700.0,29.29861831665039
2010-11-10,40.560001373291016,39.619998931884766,39.959999084472656,40.5,2954400.0,29.724302291870117
2010-11-11,40.709999084472656,40.060001373291016,40.220001220703125,40.63999938964844,2253400.0,29.827049255371094
2010-11-12,40.7400016784668,39.849998474121094,40.16999816894531,40.060001373291016,3787600.0,29.401386260986328
2010-11-15,40.349998474121094,39.349998474121094,40.279998779296875,39.36000061035156,2969000.0,28.887615203857422
2010-11-16,39.09000015258789,37.88999938964844,39.04999923706055,37.970001220703125,6064900.0,27.867454528808594
2010-11-17,38.54999923706055,37.619998931884766,37.93000030517578,37.63999938964844,4949400.0,27.625259399414062
2010-11-18,38.470001220703125,37.709999084472656,38.13999938964844,37.81999969482422,4029800.0,27.757352828979492
2010-11-19,38.2400016784668,37.5099983215332,37.849998474121094,37.959999084472656,4082600.0,27.860109329223633
2010-11-22,38.31999969482422,37.599998474121094,37.810001373291016,38.2599983215332,3028700.0,28.080291748046875
2010-11-23,37.81999969482422,37.25,37.81999969482422,37.5,3066400.0,27.522499084472656
2010-11-24,38.02000045776367,37.45000076293945,37.63999938964844,37.959999084472656,3622300.0,27.860109329223633
2010-11-26,37.68000030517578,37.380001068115234,37.650001525878906,37.540000915527344,1233200.0,27.55185890197754
2010-11-29,37.65999984741211,37.0,37.380001068115234,37.619998931884766,3311800.0,27.61057472229004
2010-11-30,38.38999938964844,37.20000076293945,37.220001220703125,37.7400016784668,4301500.0,27.698646545410156
2010-12-01,39.25,38.40999984741211,38.4900016784668,39.220001220703125,4124100.0,28.784868240356445
2010-12-02,40.31999969482422,39.18000030517578,39.18000030517578,40.2599983215332,4648200.0,29.548154830932617
2010-12-03,40.279998779296875,39.619998931884766,40.18000030517578,39.90999984741211,4228800.0,29.29127311706543
2010-12-06,39.9900016784668,39.529998779296875,39.88999938964844,39.7400016784668,7125400.0,29.166515350341797
2010-12-07,41.439998626708984,40.47999954223633,40.47999954223633,41.33000183105469,7834400.0,30.333459854125977
2010-12-08,41.97999954223633,40.810001373291016,41.459999084472656,41.20000076293945,5489200.0,30.238059997558594
2010-12-09,41.650001525878906,40.880001068115234,41.369998931884766,41.439998626708984,3797100.0,30.41419219970703
2010-12-10,41.93000030517578,41.06999969482422,41.47999954223633,41.880001068115234,3031300.0,30.737133026123047
2010-12-13,42.959999084472656,42.040000915527344,42.2400016784668,42.709999084472656,6524300.0,31.346288681030273
2010-12-14,43.279998779296875,42.650001525878906,42.72999954223633,43.189998626708984,7021300.0,31.698583602905273
2010-12-15,43.599998474121094,42.83000183105469,42.970001220703125,43.36000061035156,5173200.0,31.823352813720703
2010-12-16,44.470001220703125,42.400001525878906,42.61000061035156,44.349998474121094,10680400.0,32.54994583129883
2010-12-17,44.7400016784668,43.84000015258789,44.400001525878906,44.58000183105469,6991300.0,32.71874237060547
2010-12-20,44.79999923706055,44.15999984741211,44.709999084472656,44.290000915527344,4083800.0,32.50590896606445
2010-12-21,44.869998931884766,44.0,44.41999816894531,44.56999969482422,3882600.0,32.71140670776367
2010-12-22,44.689998626708984,44.2400016784668,44.599998474121094,44.5,3369700.0,32.6600341796875
2010-12-23,44.84000015258789,44.349998474121094,44.349998474121094,44.56999969482422,2436200.0,32.71140670776367
2010-12-27,44.68000030517578,44.130001068115234,44.470001220703125,44.43000030517578,1731000.0,32.60866165161133
2010-12-28,44.72999954223633,44.36000061035156,44.5,44.560001373291016,2169700.0,32.70407485961914
2010-12-29,44.58000183105469,44.20000076293945,44.369998931884766,44.25,2316500.0,32.743289947509766
2010-12-30,44.70000076293945,44.18000030517578,44.18000030517578,44.459999084472656,1805300.0,32.898685455322266
2010-12-31,44.47999954223633,43.68000030517578,44.310001373291016,43.81999969482422,2436000.0,32.425106048583984
2011-01-03,44.59000015258789,43.91999816894531,44.2400016784668,44.209999084472656,3071500.0,32.71368408203125
2011-01-04,44.5099983215332,42.810001373291016,44.2599983215332,43.83000183105469,4724300.0,32.43251419067383
2011-01-05,44.70000076293945,43.13999938964844,43.540000915527344,44.31999969482422,3852600.0,32.79509353637695
2011-01-06,44.5099983215332,43.810001373291016,44.2400016784668,43.90999984741211,2835100.0,32.49169921875
2011-01-07,44.45000076293945,43.31999969482422,43.88999938964844,43.9900016784668,5602700.0,32.550907135009766
2011-01-10,44.15999984741211,43.16999816894531,43.86000061035156,43.75,4221000.0,32.373313903808594
2011-01-11,44.81999969482422,43.84000015258789,43.86000061035156,44.720001220703125,4475700.0,33.09107971191406
2011-01-12,45.25,44.36000061035156,44.97999954223633,44.72999954223633,3211900.0,33.09846878051758
2011-01-13,45.2400016784668,44.54999923706055,44.72999954223633,44.720001220703125,2791300.0,33.09107971191406
2011-01-14,44.7400016784668,44.099998474121094,44.54999923706055,44.20000076293945,3069100.0,32.706295013427734
2011-01-18,45.20000076293945,44.4900016784668,44.61000061035156,45.040000915527344,2968700.0,33.3278694152832
2011-01-19,45.189998626708984,43.650001525878906,45.06999969482422,43.790000915527344,4926400.0,32.40291213989258
2011-01-20,44.63999938964844,43.310001373291016,43.58000183105469,44.619998931884766,5277200.0,33.01707458496094
2011-01-21,45.31999969482422,44.439998626708984,45.04999923706055,44.54999923706055,8182300.0,32.96527862548828
2011-01-24,45.459999084472656,44.5099983215332,44.65999984741211,45.06999969482422,2985700.0,33.35005569458008
2011-01-25,45.20000076293945,44.16999816894531,44.540000915527344,44.939998626708984,4050600.0,33.25386047363281
2011-01-26,46.650001525878906,45.25,45.25,46.5,6451500.0,34.408203125
2011-01-27,46.72999954223633,44.81999969482422,46.72999954223633,45.400001525878906,5751800.0,33.594242095947266
2011-01-28,46.5,44.9900016784668,46.119998931884766,45.099998474121094,5882700.0,33.372257232666016
2011-01-31,46.040000915527344,45.31999969482422,45.34000015258789,45.90999984741211,5621500.0,33.971622467041016
2011-02-01,47.349998474121094,46.15999984741211,46.2400016784668,47.20000076293945,4091100.0,34.926177978515625
2011-02-02,48.619998931884766,46.75,47.04999923706055,47.81999969482422,4611300.0,35.384944915771484
2011-02-03,48.29999923706055,47.119998931884766,47.77000045776367,48.209999084472656,3969400.0,35.67353820800781
2011-02-04,48.5,47.150001525878906,48.22999954223633,47.970001220703125,3352000.0,35.49594497680664
2011-02-07,48.529998779296875,47.869998931884766,48.099998474121094,47.9900016784668,2679600.0,35.510746002197266
2011-02-08,48.36000061035156,47.06999969482422,48.18000030517578,47.619998931884766,3731800.0,35.236961364746094
2011-02-09,47.61000061035156,46.5099983215332,47.36000061035156,47.04999923706055,3919000.0,34.815181732177734
2011-02-10,47.599998474121094,46.63999938964844,46.86000061035156,47.290000915527344,2677000.0,34.99277877807617
2011-02-11,47.869998931884766,46.95000076293945,47.18000030517578,47.810001373291016,2901400.0,35.37754440307617
2011-02-14,48.86000061035156,47.72999954223633,47.7599983215332,48.209999084472656,2602700.0,35.67353820800781
2011-02-15,49.099998474121094,48.11000061035156,48.15999984741211,48.34000015258789,3010100.0,35.76972961425781
2011-02-16,49.220001220703125,48.38999938964844,48.77000045776367,48.599998474121094,2731400.0,35.96211242675781
2011-02-17,49.0,48.220001220703125,48.61000061035156,48.880001068115234,2574100.0,36.169307708740234
2011-02-18,49.2400016784668,48.38999938964844,48.90999984741211,48.7400016784668,2584100.0,36.06572723388672
2011-02-22,48.84000015258789,47.27000045776367,48.27000045776367,47.34000015258789,4069100.0,35.02976989746094
2011-02-23,47.869998931884766,46.2599983215332,47.060001373291016,46.88999938964844,4087700.0,34.6967887878418
2011-02-24,47.56999969482422,46.279998779296875,46.86000061035156,46.91999816894531,2766500.0,34.718990325927734
2011-02-25,47.4900016784668,46.43000030517578,47.189998626708984,46.91999816894531,2982200.0,34.718990325927734
2011-02-28,48.0,47.290000915527344,47.380001068115234,47.959999084472656,2555600.0,35.48854064941406
2011-03-01,48.47999954223633,46.599998474121094,48.09000015258789,46.61000061035156,3335800.0,34.489601135253906
2011-03-02,47.529998779296875,46.459999084472656,46.7400016784668,46.849998474121094,3750500.0,34.66718673706055
2011-03-03,48.040000915527344,47.22999954223633,47.43000030517578,47.970001220703125,4849900.0,35.49594497680664
2011-03-04,48.16999816894531,47.310001373291016,47.880001068115234,47.939998626708984,4711800.0,35.4737434387207
2011-03-07,48.18000030517578,46.84000015258789,47.97999954223633,46.880001068115234,6112500.0,34.68938446044922
2011-03-08,47.5,46.529998779296875,47.060001373291016,47.20000076293945,2412200.0,34.926177978515625
2011-03-09,47.13999938964844,45.72999954223633,46.9900016784668,46.290000915527344,3606100.0,34.2528190612793
2011-03-10,45.88999938964844,44.75,45.779998779296875,45.06999969482422,5325600.0,33.35005569458008
2011-03-11,47.16999816894531,44.7400016784668,44.7400016784668,47.09000015258789,5193300.0,34.84477615356445
2011-03-14,47.5,46.29999923706055,47.029998779296875,46.849998474121094,3920900.0,34.66718673706055
2011-03-15,47.029998779296875,45.209999084472656,45.310001373291016,46.56999969482422,9864900.0,34.45999526977539
2011-03-16,46.630001068115234,44.34000015258789,46.43000030517578,44.790000915527344,7306400.0,33.142879486083984
2011-03-17,45.81999969482422,44.90999984741211,45.540000915527344,45.2400016784668,4030100.0,33.47585678100586
2011-03-18,45.9900016784668,45.11000061035156,45.810001373291016,45.369998931884766,5371100.0,33.572044372558594
2011-03-21,45.9900016784668,45.36000061035156,45.900001525878906,45.650001525878906,2460600.0,33.779239654541016
2011-03-22,45.7400016784668,45.099998474121094,45.540000915527344,45.70000076293945,2226100.0,33.81623840332031
2011-03-23,46.290000915527344,45.349998474121094,45.59000015258789,46.060001373291016,2266500.0,34.08262634277344
2011-03-24,46.5,45.900001525878906,46.400001525878906,46.369998931884766,1904700.0,34.312007904052734
2011-03-25,46.900001525878906,46.38999938964844,46.650001525878906,46.560001373291016,1895800.0,34.452613830566406
2011-03-28,46.90999984741211,46.20000076293945,46.58000183105469,46.2400016784668,2138900.0,34.2158203125
2011-03-29,46.68000030517578,45.66999816894531,45.900001525878906,46.619998931884766,2357400.0,34.769954681396484
2011-03-30,47.09000015258789,46.0,46.97999954223633,46.630001068115234,2710900.0,34.77741241455078
2011-03-31,46.619998931884766,46.0,46.41999816894531,46.02000045776367,3203100.0,34.32246780395508
2011-04-01,46.61000061035156,45.970001220703125,46.41999816894531,46.20000076293945,3088400.0,34.45671463012695
2011-04-04,47.0,46.25,46.2599983215332,46.869998931884766,2455300.0,34.95640563964844
2011-04-05,47.79999923706055,46.68000030517578,46.900001525878906,47.459999084472656,3114500.0,35.39643859863281
2011-04-06,47.79999923706055,47.45000076293945,47.630001068115234,47.63999938964844,2967600.0,35.53068923950195
2011-04-07,48.0,47.38999938964844,47.63999938964844,47.470001220703125,3973300.0,35.40390396118164
2011-04-08,47.88999938964844,46.18000030517578,47.650001525878906,46.41999816894531,3023100.0,34.62079620361328
2011-04-11,46.7400016784668,45.84000015258789,46.619998931884766,46.2599983215332,2976900.0,34.50145721435547
2011-04-12,46.040000915527344,45.060001373291016,45.59000015258789,45.209999084472656,4020600.0,33.71835708618164
2011-04-13,45.68000030517578,44.41999816894531,45.650001525878906,44.849998474121094,3683700.0,33.44986343383789
2011-04-14,45.11000061035156,44.529998779296875,44.54999923706055,44.970001220703125,2280200.0,33.539363861083984
2011-04-15,45.68000030517578,44.75,45.040000915527344,45.22999954223633,3100700.0,33.733253479003906
2011-04-18,44.90999984741211,44.20000076293945,44.59000015258789,44.779998779296875,2192600.0,33.39765930175781
2011-04-19,45.86000061035156,44.90999984741211,44.90999984741211,45.70000076293945,2450400.0,34.08379364013672
2011-04-20,46.75,46.0,46.40999984741211,46.47999954223633,3450800.0,34.66554260253906
2011-04-21,47.27000045776367,45.779998779296875,47.27000045776367,46.150001525878906,3028700.0,34.4194221496582
2011-04-25,45.70000076293945,44.7400016784668,45.369998931884766,45.099998474121094,2702700.0,33.63632583618164
2011-04-26,46.5099983215332,45.119998931884766,45.31999969482422,46.38999938964844,3400000.0,34.59840774536133
2011-04-27,46.529998779296875,45.290000915527344,46.529998779296875,46.279998779296875,3635800.0,34.51637268066406
2011-04-28,46.75,45.95000076293945,46.119998931884766,46.4900016784668,2210300.0,34.673004150390625
2011-04-29,47.0,46.029998779296875,46.5099983215332,46.959999084472656,2561000.0,35.023521423339844
2011-05-02,47.0,45.459999084472656,46.97999954223633,45.650001525878906,2691000.0,34.04651641845703
2011-05-03,46.11000061035156,45.31999969482422,45.560001373291016,46.09000015258789,6774300.0,34.37467575073242
2011-05-04,46.150001525878906,45.08000183105469,45.810001373291016,45.349998474121094,3649400.0,33.82277297973633
2011-05-05,45.459999084472656,44.41999816894531,45.0,44.70000076293945,3490300.0,33.33799362182617
2011-05-06,45.47999954223633,43.90999984741211,45.33000183105469,44.209999084472656,5984700.0,32.9725341796875
2011-05-09,45.20000076293945,44.279998779296875,44.38999938964844,44.95000076293945,2651100.0,33.524444580078125
2011-05-10,45.16999816894531,44.54999923706055,45.130001068115234,44.959999084472656,2190500.0,33.531890869140625
2011-05-11,44.84000015258789,44.06999969482422,44.84000015258789,44.2599983215332,3502900.0,33.00983428955078
2011-05-12,44.5,43.689998626708984,44.279998779296875,44.279998779296875,2918000.0,33.02473831176758
2011-05-13,44.400001525878906,42.849998474121094,44.369998931884766,42.959999084472656,3883300.0,32.04026412963867
2011-05-16,43.77000045776367,42.56999969482422,42.79999923706055,43.08000183105469,3513300.0,32.1297721862793
2011-05-17,43.15999984741211,42.130001068115234,42.880001068115234,42.560001373291016,3978200.0,31.74195671081543
2011-05-18,43.04999923706055,42.220001220703125,42.66999816894531,42.93000030517578,2910900.0,32.01790237426758
2011-05-19,43.290000915527344,42.41999816894531,43.189998626708984,42.84000015258789,2355600.0,31.950777053833008
2011-05-20,42.869998931884766,41.720001220703125,42.869998931884766,41.79999923706055,3614700.0,31.175125122070312
2011-05-23,41.720001220703125,41.13999938964844,41.22999954223633,41.54999923706055,3342000.0,30.988670349121094
2011-05-24,42.529998779296875,41.900001525878906,41.90999984741211,41.939998626708984,3814300.0,31.279539108276367
2011-05-25,42.11000061035156,41.529998779296875,41.70000076293945,41.779998779296875,3228800.0,31.160202026367188
2011-05-26,42.11000061035156,41.13999938964844,41.59000015258789,41.88999938964844,4258300.0,31.242238998413086
2011-05-27,42.41999816894531,41.84000015258789,42.11000061035156,42.09000015258789,2231700.0,31.39140510559082
2011-05-31,42.630001068115234,41.54999923706055,42.61000061035156,42.34000015258789,3103700.0,31.57786750793457
2011-06-01,42.060001373291016,40.81999969482422,42.060001373291016,40.939998626708984,4114300.0,30.533720016479492
2011-06-02,41.18000030517578,40.439998626708984,40.91999816894531,40.90999984741211,3734100.0,30.51134490966797
2011-06-03,41.029998779296875,40.310001373291016,40.43000030517578,40.400001525878906,2846500.0,30.1309757232666
2011-06-06,40.7400016784668,39.9900016784668,40.400001525878906,40.0,2703100.0,29.832651138305664
2011-06-07,40.599998474121094,40.029998779296875,40.25,40.040000915527344,2563600.0,29.86248207092285
2011-06-08,40.11000061035156,39.40999984741211,39.970001220703125,39.4900016784668,3525200.0,29.452281951904297
2011-06-09,39.959999084472656,39.459999084472656,39.5,39.66999816894531,2885800.0,29.586532592773438
2011-06-10,40.540000915527344,39.38999938964844,39.38999938964844,39.97999954223633,5955200.0,29.81772804260254
2011-06-13,40.16999816894531,39.20000076293945,40.16999816894531,39.459999084472656,3842200.0,29.42991065979004
2011-06-14,40.93000030517578,39.790000915527344,39.91999816894531,40.709999084472656,4239500.0,30.362186431884766
2011-06-15,41.54999923706055,39.70000076293945,41.2400016784668,39.79999923706055,7483000.0,29.68348503112793
2011-06-16,40.22999954223633,38.900001525878906,39.88999938964844,39.459999084472656,4701400.0,29.42991065979004
2011-06-17,39.91999816894531,39.0099983215332,39.86000061035156,39.45000076293945,3985000.0,29.422460556030273
2011-06-20,40.0,39.2599983215332,39.400001525878906,39.72999954223633,2800300.0,29.63128089904785
2011-06-21,40.43000030517578,39.95000076293945,40.029998779296875,40.31999969482422,7020300.0,30.071311950683594
2011-06-22,40.869998931884766,40.060001373291016,40.06999969482422,40.290000915527344,3859500.0,30.048948287963867
2011-06-23,40.150001525878906,39.02000045776367,39.779998779296875,40.0,4935900.0,29.832651138305664
2011-06-24,40.33000183105469,39.2400016784668,40.099998474121094,39.560001373291016,6031800.0,29.504497528076172
2011-06-27,39.560001373291016,39.06999969482422,39.45000076293945,39.47999954223633,3359900.0,29.4448299407959
2011-06-28,39.709999084472656,39.25,39.36000061035156,39.689998626708984,3036200.0,29.876134872436523
2011-06-29,40.7400016784668,39.900001525878906,39.939998626708984,40.2400016784668,3736900.0,30.2901611328125
2011-06-30,41.349998474121094,40.150001525878906,40.40999984741211,41.220001220703125,4065800.0,31.027835845947266
2011-07-01,41.650001525878906,40.900001525878906,41.18000030517578,41.56999969482422,2533000.0,31.291296005249023
2011-07-05,41.4900016784668,40.97999954223633,41.400001525878906,41.209999084472656,2563500.0,31.020320892333984
2011-07-06,41.18000030517578,40.54999923706055,41.18000030517578,40.81999969482422,3232100.0,30.726734161376953
2011-07-07,41.70000076293945,41.0099983215332,41.189998626708984,41.5099983215332,2584000.0,31.246118545532227
2011-07-08,41.16999816894531,40.400001525878906,41.040000915527344,40.93000030517578,2740000.0,30.809547424316406
2011-07-11,40.279998779296875,39.459999084472656,40.279998779296875,39.81999969482422,3947300.0,29.973995208740234
2011-07-12,40.130001068115234,39.599998474121094,39.68000030517578,39.650001525878906,2170200.0,29.846031188964844
2011-07-13,40.5,39.650001525878906,39.849998474121094,39.81999969482422,2378800.0,29.973995208740234
2011-07-14,40.20000076293945,38.900001525878906,39.88999938964844,39.22999954223633,3477700.0,29.529888153076172
2011-07-15,39.529998779296875,39.0,39.349998474121094,39.4900016784668,2608000.0,29.725603103637695
2011-07-18,39.59000015258789,38.79999923706055,39.400001525878906,38.91999816894531,2611500.0,29.29653549194336
2011-07-19,39.56999969482422,38.97999954223633,39.220001220703125,39.54999923706055,2648200.0,29.77076530456543
2011-07-20,40.150001525878906,39.29999923706055,39.599998474121094,39.79999923706055,2858900.0,29.958942413330078
2011-07-21,40.81999969482422,39.75,40.02000045776367,40.630001068115234,5275700.0,30.583723068237305
2011-07-22,41.36000061035156,40.650001525878906,40.66999816894531,41.099998474121094,3954300.0,30.937503814697266
2011-07-25,41.0,40.45000076293945,40.47999954223633,40.70000076293945,2640900.0,30.636409759521484
2011-07-26,40.56999969482422,39.5,40.56999969482422,39.709999084472656,3640700.0,29.891202926635742
2011-07-27,39.619998931884766,38.95000076293945,39.5,39.0,6013900.0,29.356765747070312
2011-07-28,39.540000915527344,38.810001373291016,39.0,38.91999816894531,2861500.0,29.29653549194336
2011-07-29,39.290000915527344,38.27000045776367,38.540000915527344,38.88999938964844,2853400.0,29.273950576782227
2011-08-01,39.599998474121094,38.04999923706055,39.5,38.459999084472656,3277300.0,28.95027732849121
2011-08-02,38.439998626708984,37.36000061035156,38.06999969482422,37.36000061035156,3680500.0,28.12227439880371
2011-08-03,37.70000076293945,36.41999816894531,37.38999938964844,37.34000015258789,4079600.0,28.107208251953125
2011-08-04,36.720001220703125,34.90999984741211,36.709999084472656,34.95000076293945,6078800.0,26.308170318603516
2011-08-05,35.90999984741211,33.86000061035156,35.540000915527344,34.95000076293945,6097700.0,26.308170318603516
2011-08-08,34.310001373291016,32.029998779296875,33.9900016784668,32.040000915527344,10879800.0,24.117706298828125
2011-08-09,33.959999084472656,31.549999237060547,32.939998626708984,33.95000076293945,9445300.0,25.55543327331543
2011-08-10,33.689998626708984,32.369998931884766,32.869998931884766,32.439998626708984,5983200.0,24.418798446655273
2011-08-11,34.310001373291016,32.33000183105469,32.79999923706055,34.029998779296875,6023100.0,25.615652084350586
2011-08-12,34.77000045776367,33.86000061035156,34.599998474121094,34.18000030517578,3327200.0,25.72856330871582
2011-08-15,34.79999923706055,34.22999954223633,34.380001068115234,34.790000915527344,2643600.0,26.18773078918457
2011-08-16,34.849998474121094,33.970001220703125,34.38999938964844,34.16999816894531,3205800.0,25.721036911010742
2011-08-17,34.709999084472656,33.75,34.29999923706055,33.900001525878906,2634800.0,25.517791748046875
2011-08-18,33.13999938964844,31.809999465942383,33.13999938964844,31.979999542236328,4825100.0,24.072540283203125
2011-08-19,32.75,31.489999771118164,31.559999465942383,31.510000228881836,3498200.0,23.7187557220459
2011-08-22,32.47999954223633,31.3700008392334,32.349998474121094,31.479999542236328,2962300.0,23.696170806884766
2011-08-23,32.619998931884766,31.350000381469727,31.600000381469727,32.61000061035156,3190700.0,24.546764373779297
2011-08-24,34.0099983215332,33.029998779296875,33.18000030517578,34.0,5002900.0,25.59307098388672
2011-08-25,34.40999984741211,33.15999984741211,34.209999084472656,33.2400016784668,3454000.0,25.020992279052734
2011-08-26,34.38999938964844,32.45000076293945,33.0,34.36000061035156,3987000.0,25.864046096801758
2011-08-29,35.75,34.68000030517578,34.93000030517578,35.709999084472656,2519100.0,26.880245208740234
2011-08-30,36.380001068115234,35.290000915527344,35.43000030517578,36.130001068115234,3352000.0,27.196409225463867
2011-08-31,36.61000061035156,35.720001220703125,36.540000915527344,36.08000183105469,4170700.0,27.158763885498047
2011-09-01,36.349998474121094,35.349998474121094,36.02000045776367,35.41999816894531,3736800.0,26.661956787109375
2011-09-02,34.68000030517578,33.84000015258789,34.630001068115234,34.06999969482422,3190300.0,25.645763397216797
2011-09-06,33.529998779296875,32.36000061035156,32.36000061035156,33.279998779296875,4849400.0,25.05109977722168
2011-09-07,34.77000045776367,33.689998626708984,33.79999923706055,34.7400016784668,3065700.0,26.15009307861328
2011-09-08,34.68000030517578,34.08000183105469,34.310001373291016,34.29999923706055,2721500.0,25.818889617919922
2011-09-09,33.9900016784668,32.869998931884766,33.709999084472656,33.13999938964844,4853000.0,24.945720672607422
2011-09-12,33.22999954223633,32.130001068115234,32.70000076293945,32.95000076293945,4493000.0,24.802698135375977
2011-09-13,33.81999969482422,32.77000045776367,33.099998474121094,33.65999984741211,3760900.0,25.337135314941406
2011-09-14,34.5,33.11000061035156,33.84000015258789,34.099998474121094,3293500.0,25.6683406829834
2011-09-15,35.189998626708984,34.33000183105469,34.650001525878906,35.08000183105469,3438800.0,26.406034469604492
2011-09-16,35.369998931884766,34.47999954223633,35.18000030517578,35.040000915527344,4012100.0,26.37592315673828
2011-09-19,34.529998779296875,33.459999084472656,34.02000045776367,34.38999938964844,2822300.0,25.886634826660156
2011-09-20,34.86000061035156,34.0,34.45000076293945,34.11000061035156,2693300.0,25.675874710083008
2011-09-21,34.279998779296875,32.90999984741211,34.029998779296875,32.91999816894531,4895500.0,24.78011703491211
2011-09-22,32.040000915527344,30.719999313354492,31.93000030517578,31.25,10240500.0,23.523038864135742
2011-09-23,32.20000076293945,31.18000030517578,31.25,31.56999969482422,5115600.0,23.763925552368164
2011-09-26,32.79999923706055,31.09000015258789,32.029998779296875,32.790000915527344,5225500.0,24.682254791259766
2011-09-27,34.41999816894531,33.290000915527344,33.58000183105469,33.45000076293945,3714800.0,25.179059982299805
2011-09-28,33.369998931884766,31.81999969482422,33.189998626708984,31.90999984741211,4075400.0,24.283370971679688
2011-09-29,32.97999954223633,31.739999771118164,32.720001220703125,32.459999084472656,4310100.0,24.701921463012695
2011-09-30,32.4900016784668,31.610000610351562,32.040000915527344,31.639999389648438,4250100.0,24.077896118164062
2011-10-03,31.979999542236328,30.719999313354492,31.399999618530273,30.90999984741211,5071200.0,23.522375106811523
2011-10-04,31.6200008392334,29.81999969482422,30.350000381469727,31.56999969482422,6100000.0,24.02463722229004
2011-10-05,33.11000061035156,31.290000915527344,31.549999237060547,33.06999969482422,3958400.0,25.16612434387207
2011-10-06,34.029998779296875,32.959999084472656,33.150001525878906,33.83000183105469,3587900.0,25.744489669799805
2011-10-07,34.20000076293945,32.630001068115234,34.13999938964844,32.869998931884766,4444300.0,25.013935089111328
2011-10-10,34.380001068115234,33.65999984741211,33.65999984741211,34.29999923706055,3126100.0,26.10215187072754
2011-10-11,35.0099983215332,34.04999923706055,34.119998931884766,34.689998626708984,4060900.0,26.398937225341797
2011-10-12,36.13999938964844,35.09000015258789,35.09000015258789,35.56999969482422,4639300.0,27.0686092376709
2011-10-13,35.599998474121094,34.560001373291016,35.20000076293945,35.40999984741211,2929900.0,26.946857452392578
2011-10-14,36.150001525878906,35.41999816894531,35.970001220703125,35.880001068115234,2199200.0,27.30453109741211
2011-10-17,35.72999954223633,34.34000015258789,35.59000015258789,34.56999969482422,3406700.0,26.307619094848633
2011-10-18,35.86000061035156,34.0,34.529998779296875,35.59000015258789,3732100.0,27.08384132385254
2011-10-19,35.54999923706055,34.709999084472656,35.54999923706055,34.88999938964844,3678500.0,26.551145553588867
2011-10-20,36.06999969482422,34.68000030517578,35.380001068115234,35.90999984741211,4431400.0,27.327360153198242
2011-10-21,37.060001373291016,36.27000045776367,36.5,36.79999923706055,3945800.0,28.004642486572266
2011-10-24,37.689998626708984,37.040000915527344,37.220001220703125,37.599998474121094,3219200.0,28.61343765258789
2011-10-25,37.599998474121094,36.52000045776367,37.47999954223633,36.560001373291016,4068700.0,27.822004318237305
2011-10-26,37.5,36.27000045776367,37.22999954223633,37.209999084472656,3486000.0,28.316650390625
2011-10-27,39.84000015258789,38.209999084472656,38.36000061035156,39.38999938964844,6252300.0,29.975616455078125
2011-10-28,39.41999816894531,38.540000915527344,38.849998474121094,39.310001373291016,4121000.0,29.91473960876465
2011-10-31,38.790000915527344,37.7599983215332,38.61000061035156,37.779998779296875,4974500.0,28.750429153442383
2011-11-01,37.880001068115234,35.83000183105469,36.20000076293945,37.09000015258789,5843600.0,28.225330352783203
2011-11-02,38.369998931884766,37.400001525878906,37.97999954223633,37.849998474121094,4126800.0,28.803678512573242
2011-11-03,38.75,37.599998474121094,38.22999954223633,38.529998779296875,2778800.0,29.321170806884766
2011-11-04,39.22999954223633,37.869998931884766,38.209999084472656,39.0099983215332,3009700.0,29.68644142150879
2011-11-07,39.560001373291016,38.27000045776367,39.0,38.97999954223633,2871600.0,29.663612365722656
2011-11-08,39.599998474121094,38.79999923706055,39.16999816894531,39.58000183105469,3123200.0,30.120206832885742
2011-11-09,38.7599983215332,37.5,38.33000183105469,37.70000076293945,4548500.0,28.689546585083008
2011-11-10,38.77000045776367,37.77000045776367,38.2400016784668,38.380001068115234,3259900.0,29.207014083862305
2011-11-11,39.97999954223633,39.04999923706055,39.150001525878906,39.70000076293945,3363900.0,30.211530685424805
2011-11-14,39.619998931884766,38.959999084472656,39.5099983215332,39.27000045776367,2460400.0,29.884300231933594
2011-11-15,39.779998779296875,38.83000183105469,39.0,39.54999923706055,2077500.0,30.097383499145508
2011-11-16,39.720001220703125,38.81999969482422,39.0,38.90999984741211,2846800.0,29.610340118408203
2011-11-17,39.15999984741211,37.7400016784668,38.720001220703125,38.0099983215332,3769700.0,28.925443649291992
2011-11-18,38.65999984741211,37.88999938964844,38.349998474121094,38.15999984741211,2472900.0,29.039602279663086
2011-11-21,37.689998626708984,36.709999084472656,37.27000045776367,37.45000076293945,3328200.0,28.499296188354492
2011-11-22,37.66999816894531,36.75,37.41999816894531,37.20000076293945,2509300.0,28.309038162231445
2011-11-23,36.7599983215332,35.43000030517578,36.650001525878906,35.47999954223633,3818400.0,27.0001277923584
2011-11-25,36.02000045776367,35.25,35.25,35.56999969482422,1380300.0,27.0686092376709
2011-11-28,37.369998931884766,36.29999923706055,37.040000915527344,36.75,4788000.0,27.966598510742188
2011-11-29,37.29999923706055,36.31999969482422,36.900001525878906,36.83000183105469,3866700.0,28.02747344970703
2011-11-30,39.45000076293945,38.0099983215332,38.36000061035156,39.43000030517578,5819800.0,30.006061553955078
2011-12-01,39.77000045776367,39.0,39.150001525878906,39.470001220703125,4167900.0,30.0365047454834
2011-12-02,41.18000030517578,39.90999984741211,40.04999923706055,40.31999969482422,5630900.0,30.6833553314209
2011-12-05,41.25,40.56999969482422,41.08000183105469,40.88999938964844,3807700.0,31.117115020751953
2011-12-06,41.56999969482422,40.41999816894531,40.72999954223633,41.150001525878906,3517100.0,31.314971923828125
2011-12-07,41.34000015258789,40.310001373291016,40.869998931884766,41.16999816894531,8240100.0,31.330196380615234
2011-12-08,40.79999923706055,39.45000076293945,40.79999923706055,39.58000183105469,4192800.0,30.120206832885742
2011-12-09,40.79999923706055,39.77000045776367,39.900001525878906,40.61000061035156,2989500.0,30.90403938293457
2011-12-12,39.91999816894531,39.290000915527344,39.849998474121094,39.84000015258789,3200000.0,30.318063735961914
2011-12-13,40.59000015258789,38.58000183105469,40.150001525878906,38.81999969482422,4241500.0,29.541852951049805
2011-12-14,39.310001373291016,38.34000015258789,38.59000015258789,38.720001220703125,4368400.0,29.465763092041016
2011-12-15,39.31999969482422,37.97999954223633,39.08000183105469,38.61000061035156,4525100.0,29.382057189941406
2011-12-16,39.5,38.650001525878906,39.02000045776367,38.9900016784668,4272300.0,29.671232223510742
2011-12-19,39.33000183105469,38.08000183105469,39.290000915527344,38.220001220703125,2861900.0,29.085264205932617
2011-12-20,39.9900016784668,39.060001373291016,39.06999969482422,39.70000076293945,3285600.0,30.211530685424805
2011-12-21,39.9900016784668,38.86000061035156,39.91999816894531,39.560001373291016,3005500.0,30.104995727539062
2011-12-22,40.33000183105469,39.650001525878906,39.79999923706055,40.11000061035156,2279300.0,30.523536682128906
2011-12-23,40.459999084472656,39.93000030517578,40.189998626708984,40.45000076293945,1441500.0,30.78227996826172
2011-12-27,40.72999954223633,40.2599983215332,40.349998474121094,40.5,2190100.0,30.820314407348633
2011-12-28,40.2599983215332,39.290000915527344,40.060001373291016,39.560001373291016,2960700.0,30.378774642944336
2011-12-29,39.88999938964844,39.349998474121094,39.58000183105469,39.59000015258789,1995800.0,30.401817321777344
2011-12-30,39.849998474121094,39.43000030517578,39.43000030517578,39.56999969482422,1524100.0,30.386438369750977
2012-01-03,41.18000030517578,40.310001373291016,40.540000915527344,40.52000045776367,3128000.0,31.115968704223633
2012-01-04,41.060001373291016,40.20000076293945,40.40999984741211,40.880001068115234,2521300.0,31.392417907714844
2012-01-05,40.9900016784668,40.08000183105469,40.5099983215332,40.95000076293945,2190200.0,31.44617462158203
2012-01-06,41.20000076293945,40.400001525878906,40.97999954223633,41.16999816894531,3428200.0,31.615121841430664
2012-01-09,41.4900016784668,40.880001068115234,41.349998474121094,41.08000183105469,1918500.0,31.5460205078125
2012-01-10,41.79999923706055,41.20000076293945,41.529998779296875,41.58000183105469,2581100.0,31.929975509643555
2012-01-11,42.2599983215332,41.459999084472656,41.58000183105469,42.11000061035156,3619400.0,32.336952209472656
2012-01-12,42.45000076293945,41.7599983215332,42.25,42.27000045776367,2666500.0,32.45981979370117
2012-01-13,41.869998931884766,41.13999938964844,41.72999954223633,41.86000061035156,2331400.0,32.14498519897461
2012-01-17,42.5,41.790000915527344,42.400001525878906,41.9900016784668,2147800.0,32.244815826416016
2012-01-18,42.77000045776367,41.630001068115234,41.90999984741211,42.619998931884766,2693500.0,32.728599548339844
2012-01-19,43.119998931884766,42.650001525878906,42.68000030517578,42.900001525878906,2838200.0,32.943607330322266
2012-01-20,43.189998626708984,42.41999816894531,42.97999954223633,42.869998931884766,1999800.0,32.92057800292969
2012-01-23,43.189998626708984,42.61000061035156,42.939998626708984,42.900001525878906,1914500.0,32.943607330322266
2012-01-24,43.29999923706055,42.2400016784668,42.40999984741211,43.20000076293945,1898100.0,33.17399215698242
2012-01-25,44.11000061035156,42.849998474121094,43.25,43.7400016784668,3201300.0,33.58866500854492
2012-01-26,44.599998474121094,43.90999984741211,44.029998779296875,44.130001068115234,2980000.0,33.888153076171875
2012-01-27,44.779998779296875,43.04999923706055,43.310001373291016,44.5,3737000.0,34.17227554321289
2012-01-30,44.849998474121094,43.59000015258789,43.88999938964844,44.599998474121094,3366600.0,34.24907684326172
2012-01-31,44.9900016784668,44.099998474121094,44.65999984741211,44.4900016784668,3776700.0,34.16460037231445
2012-02-01,45.349998474121094,44.72999954223633,44.91999816894531,44.81999969482422,2365600.0,34.41801452636719
2012-02-02,45.130001068115234,44.5099983215332,44.900001525878906,44.560001373291016,2375000.0,34.218360900878906
2012-02-03,45.7400016784668,44.93000030517578,45.119998931884766,45.40999984741211,2651600.0,34.87107467651367
2012-02-06,45.41999816894531,44.849998474121094,45.189998626708984,45.130001068115234,3376100.0,34.65607452392578
2012-02-07,45.619998931884766,44.630001068115234,45.04999923706055,45.33000183105469,2378100.0,34.809654235839844
2012-02-08,45.65999984741211,45.13999938964844,45.45000076293945,45.310001373291016,2103100.0,34.79429626464844
2012-02-09,45.75,44.869998931884766,45.529998779296875,45.400001525878906,2192800.0,34.86341094970703
2012-02-10,44.810001373291016,43.91999816894531,44.810001373291016,44.470001220703125,3223800.0,34.14925003051758
2012-02-13,44.88999938964844,43.900001525878906,44.720001220703125,43.91999816894531,3280100.0,33.72688674926758
2012-02-14,43.959999084472656,42.849998474121094,43.86000061035156,43.369998931884766,3957800.0,33.304542541503906
2012-02-15,43.630001068115234,42.90999984741211,43.540000915527344,43.15999984741211,2257800.0,33.14327621459961
2012-02-16,44.13999938964844,42.90999984741211,43.2400016784668,44.13999938964844,2934800.0,33.89583206176758
2012-02-17,44.380001068115234,43.75,44.349998474121094,43.90999984741211,1801400.0,33.719207763671875
2012-02-21,45.18000030517578,44.0,44.16999816894531,44.36000061035156,3087500.0,34.06477355957031
2012-02-22,44.16999816894531,43.459999084472656,43.619998931884766,43.56999969482422,2867900.0,33.45811462402344
2012-02-23,43.650001525878906,43.04999923706055,43.56999969482422,43.630001068115234,2026600.0,33.50419616699219
2012-02-24,44.08000183105469,43.58000183105469,43.709999084472656,43.86000061035156,1784800.0,33.680824279785156
2012-02-27,44.209999084472656,43.27000045776367,43.459999084472656,44.150001525878906,2024600.0,33.90352249145508
2012-02-28,44.369998931884766,43.83000183105469,44.29999923706055,44.029998779296875,2854100.0,33.811363220214844
2012-02-29,44.25,43.29999923706055,44.029998779296875,43.529998779296875,2244600.0,33.42741012573242
2012-03-01,44.150001525878906,43.650001525878906,43.7599983215332,43.83000183105469,1817200.0,33.65778350830078
2012-03-02,44.04999923706055,43.43000030517578,43.72999954223633,43.56999969482422,1831300.0,33.45811462402344
2012-03-05,43.470001220703125,42.209999084472656,43.45000076293945,42.52000045776367,3062400.0,32.65180969238281
2012-03-06,41.880001068115234,41.09000015258789,41.83000183105469,41.310001373291016,3988800.0,31.722627639770508
2012-03-07,41.54999923706055,41.09000015258789,41.459999084472656,41.45000076293945,3926300.0,31.830135345458984
2012-03-08,41.95000076293945,41.2400016784668,41.7400016784668,41.650001525878906,1583800.0,31.983722686767578
2012-03-09,42.79999923706055,41.599998474121094,41.790000915527344,42.25,2167900.0,32.44446563720703
2012-03-12,42.720001220703125,42.08000183105469,42.16999816894531,42.31999969482422,2773400.0,32.49822235107422
2012-03-13,43.650001525878906,42.31999969482422,42.59000015258789,43.599998474121094,3628700.0,33.48114776611328
2012-03-14,44.59000015258789,43.540000915527344,43.560001373291016,43.90999984741211,3687100.0,33.719207763671875
2012-03-15,43.90999984741211,42.720001220703125,43.220001220703125,43.45000076293945,5698500.0,33.36597442626953
2012-03-16,44.7599983215332,43.900001525878906,44.7599983215332,44.22999954223633,4798400.0,33.96494674682617
2012-03-19,45.20000076293945,44.400001525878906,44.83000183105469,44.79999923706055,4070100.0,34.40266799926758
2012-03-20,44.33000183105469,43.439998626708984,44.33000183105469,43.83000183105469,4507900.0,33.65778350830078
2012-03-21,43.90999984741211,43.290000915527344,43.83000183105469,43.58000183105469,2823100.0,33.4658088684082
2012-03-22,43.08000183105469,42.2599983215332,43.04999923706055,42.88999938964844,2970600.0,32.93593978881836
2012-03-23,43.43000030517578,42.650001525878906,42.900001525878906,43.150001525878906,2382700.0,33.13560104370117
2012-03-26,43.779998779296875,43.189998626708984,43.540000915527344,43.7599983215332,2338100.0,33.60402297973633
2012-03-27,44.15999984741211,43.43000030517578,43.779998779296875,43.470001220703125,2083400.0,33.38132858276367
2012-03-28,43.08000183105469,42.02000045776367,42.869998931884766,42.54999923706055,2479600.0,32.9515266418457
2012-03-29,42.810001373291016,41.97999954223633,42.130001068115234,42.810001373291016,1831600.0,33.15287399291992
2012-03-30,43.380001068115234,42.4900016784668,43.27000045776367,42.95000076293945,2428900.0,33.261295318603516
2012-04-02,43.9900016784668,42.7400016784668,42.959999084472656,43.4900016784668,3896900.0,33.679481506347656
2012-04-03,43.45000076293945,42.400001525878906,43.349998474121094,42.81999969482422,3836300.0,33.160621643066406
2012-04-04,42.439998626708984,41.810001373291016,42.310001373291016,42.099998474121094,2770600.0,32.6030387878418
2012-04-05,42.56999969482422,41.59000015258789,42.099998474121094,41.689998626708984,2308600.0,32.285518646240234
2012-04-09,41.5099983215332,40.90999984741211,41.150001525878906,41.119998931884766,2661300.0,31.844100952148438
2012-04-10,41.43000030517578,40.349998474121094,40.93000030517578,40.70000076293945,3791100.0,31.51885414123535
2012-04-11,41.56999969482422,41.099998474121094,41.33000183105469,41.150001525878906,2329800.0,31.867340087890625
2012-04-12,42.400001525878906,41.2599983215332,41.2599983215332,42.25,2139600.0,32.719200134277344
2012-04-13,42.15999984741211,41.5099983215332,42.15999984741211,41.56999969482422,5597300.0,32.19259262084961
2012-04-16,42.34000015258789,41.5099983215332,41.93000030517578,41.68000030517578,3944800.0,32.27779006958008
2012-04-17,42.65999984741211,41.9900016784668,42.11000061035156,42.31999969482422,2120500.0,32.77341079711914
2012-04-18,42.439998626708984,42.029998779296875,42.150001525878906,42.20000076293945,2187400.0,32.680477142333984
2012-04-19,42.0099983215332,39.880001068115234,42.0,40.09000015258789,7786500.0,31.046451568603516
2012-04-20,40.31999969482422,39.400001525878906,40.22999954223633,39.66999816894531,5069300.0,30.72120475769043
2012-04-23,39.09000015258789,38.41999816894531,39.0099983215332,38.91999816894531,3940600.0,30.140382766723633
2012-04-24,39.27000045776367,38.619998931884766,39.0099983215332,38.900001525878906,2852000.0,30.124895095825195
2012-04-25,39.540000915527344,39.040000915527344,39.33000183105469,39.34000015258789,2374500.0,30.465639114379883
2012-04-26,39.599998474121094,38.900001525878906,39.099998474121094,39.5,1780500.0,30.58954429626465
2012-04-27,39.7599983215332,39.060001373291016,39.61000061035156,39.33000183105469,2322700.0,30.45789909362793
2012-04-30,39.33000183105469,38.91999816894531,39.18000030517578,39.209999084472656,1665500.0,30.364965438842773
2012-05-01,39.83000183105469,39.029998779296875,39.119998931884766,39.439998626708984,1916300.0,30.54308319091797
2012-05-02,39.220001220703125,38.66999816894531,39.13999938964844,38.9900016784668,2069400.0,30.19459342956543
2012-05-03,39.2599983215332,38.529998779296875,39.040000915527344,38.58000183105469,2075000.0,29.877090454101562
2012-05-04,38.529998779296875,37.68000030517578,38.459999084472656,37.83000183105469,2865000.0,29.296260833740234
2012-05-07,38.0,37.31999969482422,37.709999084472656,37.54999923706055,2773200.0,29.07942771911621
2012-05-08,37.40999984741211,36.75,37.2400016784668,37.349998474121094,2793700.0,28.924543380737305
2012-05-09,37.77000045776367,36.68000030517578,36.68000030517578,37.2599983215332,4537400.0,28.8548526763916
2012-05-10,37.81999969482422,36.93000030517578,37.619998931884766,37.04999923706055,2883500.0,28.69222068786621
2012-05-11,37.5,36.709999084472656,36.95000076293945,36.88999938964844,2252100.0,28.568315505981445
2012-05-14,36.90999984741211,36.09000015258789,36.5,36.720001220703125,2711300.0,28.436670303344727
2012-05-15,36.880001068115234,35.689998626708984,36.72999954223633,35.790000915527344,4171600.0,27.716449737548828
2012-05-16,36.38999938964844,35.06999969482422,35.97999954223633,35.06999969482422,3601300.0,27.15887451171875
2012-05-17,35.47999954223633,34.709999084472656,35.15999984741211,34.790000915527344,3181900.0,26.94203758239746
2012-05-18,35.15999984741211,34.22999954223633,35.0,34.38999938964844,3328700.0,26.63227081298828
2012-05-21,35.189998626708984,34.5,34.54999923706055,35.099998474121094,2996400.0,27.182104110717773
2012-05-22,35.97999954223633,35.060001373291016,35.22999954223633,35.38999938964844,4117300.0,27.406675338745117
2012-05-23,35.88999938964844,34.65999984741211,35.08000183105469,35.88999938964844,3400000.0,27.793893814086914
2012-05-24,36.209999084472656,35.310001373291016,36.060001373291016,35.72999954223633,4374900.0,27.669994354248047
2012-05-25,36.380001068115234,35.650001525878906,35.689998626708984,36.11000061035156,2928100.0,27.96427345275879
2012-05-29,36.97999954223633,36.150001525878906,36.540000915527344,36.61000061035156,2264400.0,28.351490020751953
2012-05-30,36.130001068115234,35.720001220703125,36.04999923706055,35.90999984741211,2346500.0,27.80938148498535
2012-05-31,36.02000045776367,35.08000183105469,35.880001068115234,35.7599983215332,2991100.0,27.69321632385254
2012-06-01,36.06999969482422,35.0,35.08000183105469,35.77000045776367,4572200.0,27.70096778869629
2012-06-04,35.88999938964844,35.029998779296875,35.72999954223633,35.66999816894531,4085700.0,27.62352752685547
2012-06-05,35.849998474121094,35.27000045776367,35.400001525878906,35.709999084472656,2826200.0,27.654504776000977
2012-06-06,36.79999923706055,36.08000183105469,36.16999816894531,36.77000045776367,3006400.0,28.475385665893555
2012-06-07,37.97999954223633,37.09000015258789,37.279998779296875,37.29999923706055,8381000.0,28.885822296142578
2012-06-08,37.2599983215332,36.56999969482422,37.04999923706055,37.220001220703125,2340500.0,28.823871612548828
2012-06-11,37.72999954223633,36.08000183105469,37.61000061035156,36.130001068115234,4232600.0,27.979753494262695
2012-06-12,36.459999084472656,35.720001220703125,36.220001220703125,36.11000061035156,4728900.0,27.96427345275879
2012-06-13,36.5099983215332,35.099998474121094,35.099998474121094,36.060001373291016,4528800.0,27.92555046081543
2012-06-14,36.70000076293945,35.7400016784668,36.060001373291016,36.529998779296875,3012200.0,28.289525985717773
2012-06-15,37.63999938964844,36.56999969482422,36.72999954223633,37.61000061035156,4055300.0,29.125913619995117
2012-06-18,37.54999923706055,36.93000030517578,37.369998931884766,37.540000915527344,2797700.0,29.071683883666992
2012-06-19,38.630001068115234,37.630001068115234,37.81999969482422,38.43000030517578,3230100.0,29.76091766357422
2012-06-20,38.63999938964844,37.939998626708984,38.369998931884766,38.22999954223633,2186300.0,29.606037139892578
2012-06-21,38.290000915527344,37.33000183105469,38.290000915527344,37.36000061035156,11346800.0,28.932296752929688
2012-06-22,37.7400016784668,36.86000061035156,37.56999969482422,36.91999816894531,8470300.0,28.5915470123291
2012-06-25,36.4900016784668,35.7599983215332,36.41999816894531,36.060001373291016,7914200.0,27.92555046081543
2012-06-26,36.65999984741211,36.15999984741211,36.220001220703125,36.5,2991800.0,28.266294479370117
2012-06-27,36.79999923706055,35.88999938964844,36.29999923706055,36.66999816894531,1760000.0,28.68479347229004
2012-06-28,37.130001068115234,36.27000045776367,36.400001525878906,37.09000015258789,2107600.0,29.013330459594727
2012-06-29,38.099998474121094,37.66999816894531,37.93000030517578,37.900001525878906,2851000.0,29.646953582763672
2012-07-02,38.20000076293945,37.22999954223633,37.91999816894531,37.869998931884766,2318300.0,29.62347984313965
2012-07-03,38.9900016784668,38.0,38.02000045776367,38.900001525878906,2011100.0,30.42918586730957
2012-07-05,39.20000076293945,38.5,38.72999954223633,38.86000061035156,1965200.0,30.397897720336914
2012-07-06,38.63999938964844,38.099998474121094,38.40999984741211,38.349998474121094,1846200.0,29.998952865600586
2012-07-09,38.43000030517578,38.0,38.369998931884766,38.2599983215332,1389200.0,29.928560256958008
2012-07-10,38.70000076293945,37.4900016784668,38.119998931884766,37.70000076293945,2675000.0,29.49049949645996
2012-07-11,38.189998626708984,37.58000183105469,37.79999923706055,37.790000915527344,1844400.0,29.560909271240234
2012-07-12,37.95000076293945,36.790000915527344,37.380001068115234,37.70000076293945,2186800.0,29.49049949645996
2012-07-13,38.529998779296875,37.779998779296875,37.779998779296875,38.41999816894531,1829000.0,30.053712844848633
2012-07-16,38.310001373291016,37.83000183105469,38.22999954223633,38.029998779296875,1815100.0,29.74863624572754
2012-07-17,38.41999816894531,37.86000061035156,38.2599983215332,38.279998779296875,2362100.0,29.944204330444336
2012-07-18,38.790000915527344,38.02000045776367,38.040000915527344,38.709999084472656,2062000.0,30.280559539794922
2012-07-19,38.56999969482422,37.61000061035156,37.97999954223633,38.22999954223633,3590600.0,29.90509796142578
2012-07-20,38.31999969482422,37.47999954223633,38.02000045776367,37.959999084472656,5310000.0,29.693880081176758
2012-07-23,38.09000015258789,37.0,37.630001068115234,37.849998474121094,2851000.0,29.607830047607422
2012-07-24,38.189998626708984,36.83000183105469,37.79999923706055,37.119998931884766,2124100.0,29.036794662475586
2012-07-25,37.54999923706055,36.7599983215332,37.290000915527344,36.81999969482422,1818800.0,28.802127838134766
2012-07-26,37.619998931884766,36.61000061035156,37.38999938964844,37.29999923706055,3161900.0,29.177589416503906
2012-07-27,38.79999923706055,37.369998931884766,37.630001068115234,38.47999954223633,3264000.0,30.100648880004883
2012-07-30,38.529998779296875,38.060001373291016,38.45000076293945,38.5,1857400.0,30.116291046142578
2012-07-31,39.380001068115234,38.5,38.630001068115234,39.20000076293945,3071000.0,30.663862228393555
2012-08-01,39.41999816894531,39.0,39.349998474121094,39.0099983215332,2404000.0,30.51523208618164
2012-08-02,39.22999954223633,37.959999084472656,38.650001525878906,38.47999954223633,2231200.0,30.100648880004883
2012-08-03,39.59000015258789,38.95000076293945,39.130001068115234,39.439998626708984,1958700.0,30.851600646972656
2012-08-06,40.459999084472656,39.45000076293945,39.59000015258789,40.220001220703125,1913600.0,31.461755752563477
2012-08-07,40.88999938964844,40.400001525878906,40.5,40.66999816894531,2070400.0,31.813756942749023
2012-08-08,40.77000045776367,40.34000015258789,40.45000076293945,40.560001373291016,1603900.0,31.72770118713379
2012-08-09,40.91999816894531,40.34000015258789,40.369998931884766,40.68000030517578,1444900.0,31.82157325744629
2012-08-10,40.880001068115234,40.25,40.619998931884766,40.7599983215332,2059900.0,31.8841552734375
2012-08-13,40.7400016784668,39.900001525878906,40.63999938964844,40.13999938964844,2009600.0,31.399169921875
2012-08-14,40.540000915527344,39.52000045776367,40.310001373291016,39.68000030517578,1719600.0,31.03934097290039
2012-08-15,39.68000030517578,39.27000045776367,39.63999938964844,39.560001373291016,1273200.0,30.94547462463379
2012-08-16,40.119998931884766,39.470001220703125,39.56999969482422,39.959999084472656,1328800.0,31.258350372314453
2012-08-17,40.36000061035156,39.810001373291016,39.95000076293945,39.970001220703125,1357900.0,31.266191482543945
2012-08-20,40.369998931884766,39.75,39.88999938964844,40.220001220703125,1523200.0,31.461755752563477
2012-08-21,40.970001220703125,40.209999084472656,40.40999984741211,40.34000015258789,1440800.0,31.55561637878418
2012-08-22,40.58000183105469,39.93000030517578,40.150001525878906,40.54999923706055,1557300.0,31.719898223876953
2012-08-23,40.15999984741211,39.060001373291016,40.15999984741211,39.13999938964844,2188300.0,30.616920471191406
2012-08-24,39.02000045776367,38.5,38.9900016784668,38.70000076293945,2570500.0,30.27273941040039
2012-08-27,38.95000076293945,38.439998626708984,38.79999923706055,38.5,1811800.0,30.116291046142578
2012-08-28,38.560001373291016,38.16999816894531,38.33000183105469,38.29999923706055,1955900.0,29.959850311279297
2012-08-29,38.369998931884766,38.099998474121094,38.36000061035156,38.2400016784668,1644300.0,29.912918090820312
2012-08-30,38.02000045776367,37.54999923706055,38.02000045776367,37.70000076293945,1335900.0,29.49049949645996
2012-08-31,38.060001373291016,37.54999923706055,37.959999084472656,37.650001525878906,1933100.0,29.45139503479004
2012-09-04,37.810001373291016,37.08000183105469,37.689998626708984,37.11000061035156,3427800.0,29.028980255126953
2012-09-05,37.2400016784668,36.86000061035156,37.15999984741211,37.0,3304900.0,28.94292640686035
2012-09-06,38.15999984741211,37.20000076293945,37.2400016784668,38.09000015258789,2807100.0,29.795564651489258
2012-09-07,39.529998779296875,38.369998931884766,38.47999954223633,39.400001525878906,2534900.0,30.820302963256836
2012-09-10,39.5099983215332,39.040000915527344,39.06999969482422,39.130001068115234,2600200.0,30.60910987854004
2012-09-11,39.59000015258789,39.08000183105469,39.13999938964844,39.279998779296875,2093100.0,30.72643280029297
2012-09-12,39.4900016784668,38.61000061035156,39.25,39.0,2603500.0,30.50741195678711
2012-09-13,40.560001373291016,38.70000076293945,38.869998931884766,40.470001220703125,7389800.0,31.65730857849121
2012-09-14,40.93000030517578,40.349998474121094,40.619998931884766,40.75,9385200.0,31.876331329345703
2012-09-17,40.59000015258789,39.61000061035156,40.59000015258789,39.849998474121094,11148200.0,31.172317504882812
2012-09-18,39.880001068115234,38.900001525878906,39.689998626708984,39.83000183105469,3250400.0,31.156675338745117
2012-09-19,39.91999816894531,39.400001525878906,39.86000061035156,39.58000183105469,1978900.0,30.961111068725586
2012-09-20,39.709999084472656,38.79999923706055,39.22999954223633,39.709999084472656,2320100.0,31.06281280517578
2012-09-21,39.9900016784668,39.41999816894531,39.93000030517578,39.4900016784668,2910200.0,30.890714645385742
2012-09-24,39.7599983215332,39.060001373291016,39.380001068115234,39.54999923706055,2308900.0,30.937641143798828
2012-09-25,39.86000061035156,38.31999969482422,39.63999938964844,38.400001525878906,3427700.0,30.038070678710938
2012-09-26,38.4900016784668,37.70000076293945,38.130001068115234,38.09000015258789,2350800.0,30.081504821777344
2012-09-27,38.56999969482422,37.869998931884766,38.41999816894531,38.349998474121094,2307200.0,30.286836624145508
2012-09-28,38.369998931884766,37.97999954223633,38.16999816894531,38.2599983215332,1700200.0,30.215763092041016
2012-10-01,39.040000915527344,38.150001525878906,38.41999816894531,38.27000045776367,2127600.0,30.22365951538086
2012-10-02,38.59000015258789,37.70000076293945,38.45000076293945,37.81999969482422,1870400.0,29.8682804107666
2012-10-03,38.18000030517578,37.70000076293945,37.91999816894531,37.97999954223633,1334700.0,29.994626998901367
2012-10-04,38.939998626708984,38.220001220703125,38.220001220703125,38.65999984741211,1883500.0,30.53166389465332
2012-10-05,39.11000061035156,38.43000030517578,38.93000030517578,38.58000183105469,1209000.0,30.46848487854004
2012-10-08,39.33000183105469,38.20000076293945,38.31999969482422,39.33000183105469,2054100.0,31.060792922973633
2012-10-09,39.9900016784668,39.349998474121094,39.400001525878906,39.5,2361800.0,31.195051193237305
2012-10-10,39.529998779296875,38.790000915527344,39.40999984741211,38.86000061035156,1785200.0,30.689613342285156
2012-10-11,39.31999969482422,38.849998474121094,39.16999816894531,39.0099983215332,1431200.0,30.808069229125977
2012-10-12,39.099998474121094,38.400001525878906,38.970001220703125,38.58000183105469,1290100.0,30.46848487854004
2012-10-15,39.09000015258789,38.369998931884766,38.61000061035156,39.04999923706055,1581300.0,30.839658737182617
2012-10-16,40.04999923706055,39.150001525878906,39.349998474121094,39.869998931884766,2161500.0,31.48725128173828
2012-10-17,40.58000183105469,39.90999984741211,40.119998931884766,40.40999984741211,4829100.0,31.913721084594727
2012-10-18,41.20000076293945,39.61000061035156,39.97999954223633,41.0,3756500.0,32.379669189453125
2012-10-19,41.06999969482422,40.459999084472656,40.88999938964844,40.529998779296875,3708600.0,32.008487701416016
2012-10-22,41.47999954223633,40.439998626708984,40.59000015258789,41.119998931884766,3342200.0,32.47444534301758
2012-10-23,40.58000183105469,39.900001525878906,40.439998626708984,40.369998931884766,2228900.0,31.882131576538086
2012-10-24,40.619998931884766,40.15999984741211,40.470001220703125,40.4900016784668,2430200.0,31.976898193359375
2012-10-25,40.95000076293945,40.02000045776367,40.849998474121094,40.22999954223633,2039700.0,31.77156639099121
2012-10-26,40.66999816894531,39.900001525878906,40.33000183105469,40.220001220703125,1763900.0,31.7636661529541
2012-10-31,40.9900016784668,39.970001220703125,40.4900016784668,40.130001068115234,2090100.0,31.692584991455078
2012-11-01,41.86000061035156,40.290000915527344,40.31999969482422,41.529998779296875,2824700.0,32.79823303222656
2012-11-02,42.0,40.54999923706055,41.689998626708984,40.63999938964844,5362800.0,32.09536361694336
2012-11-05,41.150001525878906,40.40999984741211,40.470001220703125,40.95000076293945,1467700.0,32.340179443359375
2012-11-06,41.959999084472656,41.029998779296875,41.16999816894531,41.47999954223633,1682100.0,32.75875473022461
2012-11-07,40.86000061035156,40.13999938964844,40.81999969482422,40.560001373291016,2419100.0,32.03219223022461
2012-11-08,40.68000030517578,39.959999084472656,40.470001220703125,40.040000915527344,1566000.0,31.621517181396484
2012-11-09,41.15999984741211,39.900001525878906,39.95000076293945,40.540000915527344,2017500.0,32.01639175415039
2012-11-12,40.75,40.25,40.75,40.400001525878906,758500.0,31.905820846557617
2012-11-13,40.59000015258789,39.91999816894531,39.97999954223633,40.130001068115234,1916400.0,31.692584991455078
2012-11-14,40.459999084472656,39.43000030517578,40.31999969482422,39.54999923706055,1878400.0,31.234535217285156
2012-11-15,39.939998626708984,39.20000076293945,39.54999923706055,39.36000061035156,2004400.0,31.084484100341797
2012-11-16,39.75,38.83000183105469,39.31999969482422,39.43000030517578,2223400.0,31.139768600463867
2012-11-19,40.5099983215332,39.97999954223633,40.029998779296875,40.5099983215332,1644900.0,31.992698669433594
2012-11-20,40.54999923706055,39.9900016784668,40.33000183105469,40.33000183105469,1611000.0,31.850547790527344
2012-11-21,40.90999984741211,40.2400016784668,40.45000076293945,40.68000030517578,950700.0,32.12694549560547
2012-11-23,41.290000915527344,40.7400016784668,40.90999984741211,41.13999938964844,692800.0,32.490234375
2012-11-26,41.25,40.720001220703125,40.959999084472656,41.060001373291016,1172400.0,32.42705535888672
2012-11-27,41.310001373291016,40.41999816894531,40.91999816894531,40.470001220703125,1546100.0,31.961109161376953
2012-11-28,40.7400016784668,39.84000015258789,40.220001220703125,40.72999954223633,2002000.0,32.166439056396484
2012-11-29,41.86000061035156,40.7400016784668,41.060001373291016,41.040000915527344,2000800.0,32.4112663269043
2012-11-30,41.310001373291016,40.91999816894531,41.220001220703125,41.18000030517578,1658900.0,32.521827697753906
2012-12-03,41.47999954223633,40.22999954223633,41.369998931884766,40.279998779296875,2294100.0,31.811054229736328
2012-12-04,40.97999954223633,40.27000045776367,40.279998779296875,40.7400016784668,2112100.0,32.17434310913086
2012-12-05,41.130001068115234,40.22999954223633,40.84000015258789,40.810001373291016,2053100.0,32.2296257019043
2012-12-06,40.810001373291016,40.18000030517578,40.779998779296875,40.68000030517578,1762300.0,32.12694549560547
2012-12-07,40.97999954223633,40.25,40.810001373291016,40.720001220703125,1539000.0,32.1585578918457
2012-12-10,40.869998931884766,40.40999984741211,40.689998626708984,40.779998779296875,1639900.0,32.205928802490234
2012-12-11,41.97999954223633,40.95000076293945,40.95000076293945,41.75,3327400.0,32.971988677978516
2012-12-12,41.97999954223633,41.11000061035156,41.86000061035156,41.220001220703125,2701400.0,32.55342483520508
2012-12-13,41.720001220703125,40.97999954223633,41.279998779296875,41.189998626708984,1867700.0,32.52972412109375
2012-12-14,42.5,41.040000915527344,41.189998626708984,42.279998779296875,3476700.0,33.390541076660156
2012-12-17,42.790000915527344,42.119998931884766,42.36000061035156,42.7599983215332,2567900.0,33.76962661743164
2012-12-18,43.86000061035156,42.439998626708984,42.439998626708984,43.63999938964844,4070900.0,34.464603424072266
2012-12-19,43.79999923706055,43.2400016784668,43.75,43.45000076293945,2150700.0,34.3145637512207
2012-12-20,43.97999954223633,43.25,43.439998626708984,43.970001220703125,1984600.0,34.7252311706543
2012-12-21,43.619998931884766,43.09000015258789,43.47999954223633,43.52000045776367,3566300.0,34.36983871459961
2012-12-24,43.70000076293945,43.34000015258789,43.34000015258789,43.529998779296875,906800.0,34.37773132324219
2012-12-26,44.0,43.56999969482422,43.70000076293945,43.7400016784668,1951200.0,34.543582916259766
2012-12-27,43.79999923706055,42.61000061035156,43.68000030517578,43.150001525878906,2486600.0,34.36598587036133
2012-12-28,43.060001373291016,42.279998779296875,42.84000015258789,42.439998626708984,2431300.0,33.800506591796875
2012-12-31,43.209999084472656,42.29999923706055,42.349998474121094,43.15999984741211,2423300.0,34.37394332885742
2013-01-02,44.900001525878906,44.09000015258789,44.099998474121094,44.779998779296875,3100400.0,35.664154052734375
2013-01-03,45.27000045776367,44.4900016784668,44.77000045776367,44.689998626708984,2448000.0,35.59247970581055
2013-01-04,45.310001373291016,44.61000061035156,44.70000076293945,45.279998779296875,1839200.0,36.06237030029297
2013-01-07,45.880001068115234,44.880001068115234,45.08000183105469,45.47999954223633,2484500.0,36.22166442871094
2013-01-08,45.56999969482422,44.709999084472656,45.40999984741211,45.0099983215332,2448000.0,35.84733963012695
2013-01-09,45.34000015258789,45.040000915527344,45.11000061035156,45.25,1351200.0,36.038490295410156
2013-01-10,45.599998474121094,45.20000076293945,45.5,45.470001220703125,1893200.0,36.21369171142578
2013-01-11,45.5,45.09000015258789,45.38999938964844,45.43000030517578,1442400.0,36.18184280395508
2013-01-14,45.9900016784668,45.27000045776367,45.4900016784668,45.529998779296875,1811700.0,36.261478424072266
2013-01-15,46.130001068115234,45.29999923706055,45.31999969482422,46.060001373291016,2129500.0,36.6835823059082
2013-01-16,46.060001373291016,45.36000061035156,45.77000045776367,45.90999984741211,2765100.0,36.56412124633789
2013-01-17,46.880001068115234,45.79999923706055,46.099998474121094,46.63999938964844,3114500.0,37.14552307128906
2013-01-18,47.689998626708984,46.54999923706055,46.7599983215332,47.52000045776367,5357800.0,37.84636688232422
2013-01-22,48.369998931884766,47.400001525878906,47.630001068115234,48.11000061035156,3244100.0,38.31626892089844
2013-01-23,48.2400016784668,47.630001068115234,48.2400016784668,47.97999954223633,2294700.0,38.212738037109375
2013-01-24,48.34000015258789,47.599998474121094,48.119998931884766,47.779998779296875,2651700.0,38.053443908691406
2013-01-25,48.0,47.18000030517578,48.0,47.68000030517578,2058600.0,37.97380828857422
2013-01-28,47.779998779296875,46.790000915527344,47.779998779296875,47.189998626708984,3392700.0,37.583553314208984
2013-01-29,47.650001525878906,46.5099983215332,47.529998779296875,47.040000915527344,2732200.0,37.4640998840332
2013-01-30,47.13999938964844,46.220001220703125,47.0,46.29999923706055,2672900.0,36.874725341796875
2013-01-31,46.38999938964844,46.0,46.31999969482422,46.0099983215332,2422200.0,36.643768310546875
2013-02-01,47.130001068115234,46.189998626708984,46.470001220703125,46.97999954223633,2594300.0,37.41630935668945
2013-02-04,46.66999816894531,46.029998779296875,46.4900016784668,46.119998931884766,2107900.0,36.731361389160156
2013-02-05,46.45000076293945,46.029998779296875,46.25,46.22999954223633,2141900.0,36.81897735595703
2013-02-06,47.279998779296875,46.060001373291016,46.130001068115234,46.959999084472656,2938100.0,37.4003791809082
2013-02-07,46.91999816894531,46.0099983215332,46.869998931884766,46.279998779296875,3010200.0,36.85880661010742
2013-02-08,46.88999938964844,46.36000061035156,46.36000061035156,46.7400016784668,1197200.0,37.225162506103516
2013-02-11,47.08000183105469,46.5,46.61000061035156,46.869998931884766,1367400.0,37.32868957519531
2013-02-12,47.52000045776367,46.790000915527344,46.81999969482422,47.2400016784668,1516200.0,37.623390197753906
2013-02-13,47.619998931884766,47.0,47.209999084472656,47.470001220703125,2237600.0,37.80656814575195
2013-02-14,48.34000015258789,47.25,47.29999923706055,48.22999954223633,2881100.0,38.41184616088867
2013-02-15,48.310001373291016,47.93000030517578,48.22999954223633,48.119998931884766,1985800.0,38.324241638183594
2013-02-19,48.599998474121094,47.58000183105469,48.2400016784668,47.720001220703125,2253600.0,38.00566482543945
2013-02-20,47.72999954223633,45.84000015258789,47.54999923706055,45.95000076293945,3406600.0,36.595985412597656
2013-02-21,45.7599983215332,44.31999969482422,45.65999984741211,44.70000076293945,4741300.0,35.60044860839844
2013-02-22,45.5,44.79999923706055,45.150001525878906,45.18000030517578,2359200.0,35.982730865478516
2013-02-25,45.560001373291016,43.68000030517578,45.470001220703125,43.709999084472656,3033200.0,34.811988830566406
2013-02-26,44.16999816894531,43.40999984741211,44.040000915527344,43.849998474121094,2945000.0,34.92346954345703
2013-02-27,45.08000183105469,43.779998779296875,43.79999923706055,44.93000030517578,2301400.0,35.78361892700195
2013-02-28,45.61000061035156,44.72999954223633,44.959999084472656,45.04999923706055,2595800.0,35.87919616699219
2013-03-01,44.9900016784668,44.2400016784668,44.689998626708984,44.369998931884766,2626600.0,35.337623596191406
2013-03-04,45.040000915527344,43.97999954223633,44.650001525878906,45.02000045776367,3116000.0,35.85530471801758
2013-03-05,46.11000061035156,45.31999969482422,45.61000061035156,45.40999984741211,2767100.0,36.165897369384766
2013-03-06,46.869998931884766,45.59000015258789,45.65999984741211,46.4900016784668,3792600.0,37.026058197021484
2013-03-07,47.150001525878906,46.4900016784668,46.5099983215332,46.779998779296875,2351200.0,37.257022857666016
2013-03-08,47.869998931884766,46.84000015258789,46.95000076293945,47.650001525878906,2665600.0,37.94992446899414
2013-03-11,47.790000915527344,46.95000076293945,47.5,47.560001373291016,2985900.0,37.878238677978516
2013-03-12,47.9900016784668,47.130001068115234,47.54999923706055,47.34000015258789,2530600.0,37.703025817871094
2013-03-13,47.31999969482422,45.93000030517578,47.27000045776367,46.540000915527344,4185900.0,37.06587600708008
2013-03-14,46.459999084472656,45.630001068115234,46.13999938964844,46.43000030517578,4328600.0,36.97826385498047
2013-03-15,46.95000076293945,46.029998779296875,46.04999923706055,46.599998474121094,3527900.0,37.1136589050293
2013-03-18,46.5,45.81999969482422,45.81999969482422,46.25,2149400.0,36.83491516113281
2013-03-19,46.5099983215332,45.7400016784668,46.22999954223633,46.150001525878906,2328600.0,36.755271911621094
2013-03-20,46.959999084472656,46.060001373291016,46.5,46.77000045776367,2229400.0,37.249053955078125
2013-03-21,47.18000030517578,46.290000915527344,46.529998779296875,46.400001525878906,1697200.0,36.95437240600586
2013-03-22,46.619998931884766,45.970001220703125,46.4900016784668,46.150001525878906,2754700.0,36.755271911621094
2013-03-25,46.40999984741211,45.5,46.31999969482422,45.88999938964844,2710800.0,36.54819869995117
2013-03-26,46.040000915527344,45.439998626708984,45.599998474121094,45.9900016784668,3001100.0,36.923126220703125
2013-03-27,46.04999923706055,45.36000061035156,45.54999923706055,46.0099983215332,1921200.0,36.93918991088867
2013-03-28,46.439998626708984,45.560001373291016,45.93000030517578,46.150001525878906,2570300.0,37.05158615112305
2013-04-01,46.2400016784668,44.900001525878906,46.15999984741211,45.13999938964844,3244400.0,36.24070358276367
2013-04-02,45.75,43.459999084472656,45.27000045776367,43.650001525878906,3661000.0,35.04446029663086
2013-04-03,44.220001220703125,42.650001525878906,43.599998474121094,43.06999969482422,3774300.0,34.57880783081055
2013-04-04,44.119998931884766,43.0,43.209999084472656,43.5,2767300.0,34.92402267456055
2013-04-05,43.900001525878906,42.5,42.88999938964844,43.7599983215332,2504100.0,35.13277816772461
2013-04-08,43.95000076293945,43.2599983215332,43.720001220703125,43.939998626708984,1965200.0,35.27728271484375
2013-04-09,44.79999923706055,43.97999954223633,44.0,44.439998626708984,2390400.0,35.678707122802734
2013-04-10,45.06999969482422,44.2599983215332,44.63999938964844,44.97999954223633,2622400.0,36.11224365234375
2013-04-11,45.40999984741211,44.619998931884766,44.95000076293945,44.9900016784668,3074300.0,36.120277404785156
2013-04-12,45.119998931884766,43.93000030517578,44.869998931884766,44.310001373291016,1999100.0,35.57434844970703
2013-04-15,43.869998931884766,42.689998626708984,43.84000015258789,42.790000915527344,3752200.0,34.354000091552734
2013-04-16,43.43000030517578,42.959999084472656,43.27000045776367,43.38999938964844,1980400.0,34.835716247558594
2013-04-17,43.0099983215332,41.9900016784668,42.880001068115234,42.529998779296875,3082500.0,34.14525604248047
2013-04-18,42.93000030517578,41.61000061035156,42.790000915527344,42.22999954223633,3589200.0,33.90439987182617
2013-04-19,42.91999816894531,41.31999969482422,42.540000915527344,42.380001068115234,4157700.0,34.02484130859375
2013-04-22,42.540000915527344,41.599998474121094,42.470001220703125,42.33000183105469,2455700.0,33.98468780517578
2013-04-23,42.650001525878906,42.0,42.439998626708984,42.29999923706055,2398700.0,33.96060562133789
2013-04-24,43.83000183105469,42.40999984741211,42.47999954223633,43.68000030517578,3446700.0,35.06855010986328
2013-04-25,44.22999954223633,43.22999954223633,43.849998474121094,43.439998626708984,3034300.0,34.875858306884766
2013-04-26,43.45000076293945,42.68000030517578,43.31999969482422,42.790000915527344,1964900.0,34.354000091552734
2013-04-29,43.290000915527344,42.7599983215332,42.93000030517578,43.13999938964844,1817200.0,34.63500213623047
2013-04-30,43.63999938964844,42.43000030517578,42.880001068115234,43.619998931884766,2057100.0,35.02036666870117
2013-05-01,43.459999084472656,42.66999816894531,43.459999084472656,42.93000030517578,1536900.0,34.46640396118164
2013-05-02,43.650001525878906,42.650001525878906,43.04999923706055,43.400001525878906,1481500.0,34.843746185302734
2013-05-03,45.11000061035156,43.939998626708984,43.95000076293945,44.91999816894531,2389500.0,36.06407165527344
2013-05-06,45.0,44.459999084472656,44.9900016784668,44.650001525878906,1462600.0,35.847312927246094
2013-05-07,45.119998931884766,44.599998474121094,44.779998779296875,45.060001373291016,1310400.0,36.17647933959961
2013-05-08,46.33000183105469,44.970001220703125,45.18000030517578,45.869998931884766,1852100.0,36.826786041259766
2013-05-09,45.959999084472656,45.290000915527344,45.81999969482422,45.45000076293945,1549500.0,36.489593505859375
2013-05-10,45.7400016784668,44.93000030517578,45.470001220703125,45.349998474121094,1854500.0,36.4092903137207
2013-05-13,45.27000045776367,44.720001220703125,45.20000076293945,44.88999938964844,984200.0,36.03998947143555
2013-05-14,45.599998474121094,44.63999938964844,44.77000045776367,45.34000015258789,1320500.0,36.40127182006836
2013-05-15,45.400001525878906,44.529998779296875,44.959999084472656,45.22999954223633,1460000.0,36.312965393066406
2013-05-16,46.0099983215332,44.849998474121094,45.060001373291016,44.9900016784668,2192500.0,36.120277404785156
2013-05-17,45.93000030517578,45.20000076293945,45.27000045776367,45.77000045776367,1379600.0,36.746498107910156
2013-05-20,46.380001068115234,45.47999954223633,45.66999816894531,46.150001525878906,1716600.0,37.05158615112305
2013-05-21,47.400001525878906,46.189998626708984,46.20000076293945,47.099998474121094,2564200.0,37.81429672241211
2013-05-22,47.400001525878906,45.45000076293945,47.20000076293945,46.099998474121094,3562000.0,37.01144027709961
2013-05-23,45.88999938964844,45.220001220703125,45.41999816894531,45.70000076293945,1841500.0,36.69029998779297
2013-05-24,45.70000076293945,45.060001373291016,45.34000015258789,45.220001220703125,1160800.0,36.3049430847168
2013-05-28,46.34000015258789,45.529998779296875,45.709999084472656,46.150001525878906,2190100.0,37.05158615112305
2013-05-29,46.06999969482422,45.459999084472656,45.720001220703125,45.72999954223633,1841900.0,36.71438217163086
2013-05-30,46.060001373291016,45.560001373291016,45.810001373291016,45.63999938964844,1228500.0,36.64213562011719
2013-05-31,45.790000915527344,44.5099983215332,45.41999816894531,44.5099983215332,2471800.0,35.73489761352539
2013-06-03,45.11000061035156,44.290000915527344,44.650001525878906,44.959999084472656,1774900.0,36.09619140625
2013-06-04,45.52000045776367,44.630001068115234,44.970001220703125,45.15999984741211,1700400.0,36.25676345825195
2013-06-05,45.20000076293945,44.310001373291016,44.880001068115234,44.34000015258789,1307600.0,35.598419189453125
2013-06-06,44.59000015258789,44.0,44.369998931884766,44.47999954223633,1551500.0,35.7108268737793
2013-06-07,44.95000076293945,43.9900016784668,44.61000061035156,44.4900016784668,1534400.0,35.71885299682617
2013-06-10,44.709999084472656,44.130001068115234,44.41999816894531,44.369998931884766,1741100.0,35.62251663208008
2013-06-11,44.04999923706055,43.459999084472656,43.689998626708984,43.630001068115234,1987600.0,35.028404235839844
2013-06-12,44.20000076293945,43.4900016784668,43.900001525878906,43.91999816894531,2497500.0,35.26123809814453
2013-06-13,45.45000076293945,43.560001373291016,43.560001373291016,45.2400016784668,3576300.0,36.32099151611328
2013-06-14,45.41999816894531,44.33000183105469,45.29999923706055,44.70000076293945,2172200.0,35.887454986572266
2013-06-17,45.349998474121094,44.70000076293945,45.0,44.97999954223633,2087100.0,36.11224365234375
2013-06-18,45.189998626708984,44.61000061035156,44.90999984741211,44.869998931884766,2371200.0,36.02392578125
2013-06-19,45.310001373291016,44.619998931884766,44.75,44.849998474121094,1684700.0,36.00786209106445
2013-06-20,45.25,43.779998779296875,44.22999954223633,44.0,3213600.0,35.3254508972168
2013-06-21,44.70000076293945,43.77000045776367,44.43000030517578,44.0,2763300.0,35.3254508972168
2013-06-24,43.52000045776367,42.220001220703125,43.5,43.130001068115234,2347800.0,34.62697219848633
2013-06-25,43.88999938964844,43.029998779296875,43.599998474121094,43.68000030517578,1744500.0,35.06855010986328
2013-06-26,43.880001068115234,42.97999954223633,43.880001068115234,43.65999984741211,1656800.0,35.349491119384766
2013-06-27,44.59000015258789,43.95000076293945,43.95000076293945,44.08000183105469,1353300.0,35.689544677734375
2013-06-28,44.16999816894531,43.290000915527344,44.08000183105469,43.31999969482422,2244700.0,35.07420349121094
2013-07-01,44.18000030517578,43.560001373291016,43.68000030517578,43.84000015258789,1430700.0,35.49523162841797
2013-07-02,44.029998779296875,43.209999084472656,43.70000076293945,43.79999923706055,1634100.0,35.46284484863281
2013-07-03,43.79999923706055,43.22999954223633,43.380001068115234,43.54999923706055,877600.0,35.26042938232422
2013-07-05,44.04999923706055,43.11000061035156,43.90999984741211,43.849998474121094,963200.0,35.50332260131836
2013-07-08,44.349998474121094,43.70000076293945,44.119998931884766,43.880001068115234,1337300.0,35.52760314941406
2013-07-09,45.029998779296875,44.29999923706055,44.29999923706055,44.790000915527344,1844100.0,36.26439666748047
2013-07-10,44.970001220703125,43.77000045776367,44.81999969482422,44.15999984741211,2165900.0,35.75431442260742
2013-07-11,45.9900016784668,44.869998931884766,45.0,45.619998931884766,2832100.0,36.93641662597656
2013-07-12,45.599998474121094,44.599998474121094,45.47999954223633,44.880001068115234,1930100.0,36.33726501464844
2013-07-15,45.47999954223633,44.66999816894531,44.720001220703125,45.279998779296875,1112400.0,36.66112518310547
2013-07-16,45.5,44.369998931884766,45.41999816894531,44.7599983215332,1350900.0,36.2401123046875
2013-07-17,45.43000030517578,44.90999984741211,45.040000915527344,45.290000915527344,1406200.0,36.66922378540039
2013-07-18,46.220001220703125,45.150001525878906,45.290000915527344,45.650001525878906,2243800.0,36.96070098876953
2013-07-19,45.869998931884766,44.84000015258789,45.77000045776367,45.63999938964844,3217100.0,36.95260238647461
2013-07-22,46.279998779296875,45.77000045776367,45.77000045776367,46.06999969482422,1388800.0,37.30076217651367
2013-07-23,46.65999984741211,46.150001525878906,46.38999938964844,46.5,1697700.0,37.648902893066406
2013-07-24,46.27000045776367,45.43000030517578,46.27000045776367,45.84000015258789,2414800.0,37.11454391479492
2013-07-25,46.650001525878906,45.619998931884766,45.7599983215332,46.599998474121094,2018500.0,37.72986602783203
2013-07-26,46.93000030517578,46.189998626708984,46.310001373291016,46.90999984741211,1551600.0,37.980865478515625
2013-07-29,47.08000183105469,46.380001068115234,46.869998931884766,46.810001373291016,1645300.0,37.899898529052734
2013-07-30,47.04999923706055,46.29999923706055,46.810001373291016,46.790000915527344,1321300.0,37.883705139160156
2013-07-31,47.34000015258789,46.72999954223633,46.81999969482422,46.779998779296875,1980100.0,37.87561798095703
2013-08-01,47.41999816894531,46.90999984741211,47.16999816894531,47.13999938964844,1056100.0,38.167091369628906
2013-08-02,47.209999084472656,46.599998474121094,47.029998779296875,47.189998626708984,1572700.0,38.20756912231445
2013-08-05,47.150001525878906,46.61000061035156,47.150001525878906,46.689998626708984,1176800.0,37.8027458190918
2013-08-06,46.779998779296875,46.369998931884766,46.630001068115234,46.5,1641500.0,37.648902893066406
2013-08-07,46.72999954223633,46.060001373291016,46.380001068115234,46.25,1439500.0,37.44649887084961
2013-08-08,47.70000076293945,46.689998626708984,46.709999084472656,47.31999969482422,2180900.0,38.31282043457031
2013-08-09,49.65999984741211,47.47999954223633,47.5,49.220001220703125,4299700.0,39.851165771484375
2013-08-12,49.689998626708984,48.41999816894531,49.13999938964844,48.63999938964844,3265100.0,39.381568908691406
2013-08-13,48.97999954223633,47.900001525878906,48.849998474121094,48.13999938964844,2125400.0,38.97674560546875
2013-08-14,48.529998779296875,47.720001220703125,48.13999938964844,47.720001220703125,1888600.0,38.636695861816406
2013-08-15,47.40999984741211,46.83000183105469,47.2400016784668,47.22999954223633,1782500.0,38.239952087402344
2013-08-16,47.349998474121094,46.72999954223633,47.060001373291016,46.91999816894531,1704000.0,37.988948822021484
2013-08-19,46.900001525878906,46.040000915527344,46.84000015258789,46.16999816894531,1609900.0,37.38172149658203
2013-08-20,46.79999923706055,45.83000183105469,46.029998779296875,46.47999954223633,1649100.0,37.632713317871094
2013-08-21,46.369998931884766,45.560001373291016,46.310001373291016,45.72999954223633,1197200.0,37.02547836303711
2013-08-22,46.869998931884766,45.880001068115234,45.95000076293945,46.459999084472656,1201100.0,37.61651611328125
2013-08-23,46.70000076293945,46.13999938964844,46.560001373291016,46.31999969482422,1378100.0,37.503170013427734
2013-08-26,46.72999954223633,46.20000076293945,46.43000030517578,46.25,1239500.0,37.44649887084961
2013-08-27,45.880001068115234,45.38999938964844,45.720001220703125,45.529998779296875,2222300.0,36.86355209350586
2013-08-28,45.869998931884766,45.31999969482422,45.5099983215332,45.65999984741211,1555800.0,36.96879196166992
2013-08-29,46.119998931884766,45.34000015258789,45.459999084472656,45.720001220703125,1314500.0,37.01737976074219
2013-08-30,45.9900016784668,45.31999969482422,45.790000915527344,45.4900016784668,1748900.0,36.83115768432617
2013-09-03,46.40999984741211,45.4900016784668,46.0099983215332,45.68000030517578,1614700.0,36.984989166259766
2013-09-04,46.369998931884766,45.5,45.59000015258789,46.349998474121094,1088200.0,37.52745819091797
2013-09-05,46.84000015258789,46.31999969482422,46.34000015258789,46.599998474121094,1430300.0,37.72986602783203
2013-09-06,46.95000076293945,46.060001373291016,46.77000045776367,46.61000061035156,1761600.0,37.737972259521484
2013-09-09,47.779998779296875,46.810001373291016,46.84000015258789,47.68000030517578,1588300.0,38.604305267333984
2013-09-10,48.5099983215332,47.72999954223633,47.939998626708984,47.970001220703125,1410300.0,38.83910369873047
2013-09-11,48.7599983215332,47.72999954223633,47.90999984741211,48.68000030517578,1876900.0,39.413963317871094
2013-09-12,48.47999954223633,48.130001068115234,48.400001525878906,48.349998474121094,1688700.0,39.146766662597656
2013-09-13,48.459999084472656,48.040000915527344,48.31999969482422,48.29999923706055,1443000.0,39.10628128051758
2013-09-16,49.16999816894531,48.83000183105469,49.0099983215332,49.09000015258789,3050000.0,39.74591064453125
2013-09-17,50.130001068115234,49.119998931884766,49.15999984741211,49.470001220703125,2738500.0,40.05357360839844
2013-09-18,51.06999969482422,49.22999954223633,49.4900016784668,50.869998931884766,3559400.0,41.187095642089844
2013-09-19,51.25,50.20000076293945,50.9900016784668,50.20000076293945,2707200.0,40.64463806152344
2013-09-20,50.540000915527344,50.119998931884766,50.189998626708984,50.369998931884766,2995000.0,40.782264709472656
2013-09-23,50.529998779296875,49.869998931884766,50.209999084472656,49.880001068115234,3727300.0,40.385536193847656
2013-09-24,50.470001220703125,49.79999923706055,49.90999984741211,50.29999923706055,2684800.0,40.725589752197266
2013-09-25,50.09000015258789,49.47999954223633,50.06999969482422,49.47999954223633,1735400.0,40.356929779052734
2013-09-26,49.810001373291016,48.84000015258789,49.540000915527344,49.31999969482422,1721800.0,40.22643280029297
2013-09-27,49.02000045776367,48.36000061035156,48.970001220703125,48.79999923706055,1399000.0,39.80230712890625
2013-09-30,49.40999984741211,48.09000015258789,48.2599983215332,49.02000045776367,1755900.0,39.981746673583984
2013-10-01,49.61000061035156,48.7400016784668,48.88999938964844,48.959999084472656,1399900.0,39.93280792236328
2013-10-02,49.09000015258789,48.59000015258789,48.65999984741211,48.83000183105469,2198500.0,39.82677459716797
2013-10-03,49.11000061035156,48.18000030517578,48.83000183105469,48.439998626708984,1947400.0,39.50868606567383
2013-10-04,48.880001068115234,48.20000076293945,48.439998626708984,48.779998779296875,1360900.0,39.78599166870117
2013-10-07,48.83000183105469,48.0,48.290000915527344,48.540000915527344,1151100.0,39.59025573730469
2013-10-08,48.75,47.880001068115234,48.56999969482422,48.02000045776367,1334200.0,39.16613006591797
2013-10-09,48.20000076293945,47.369998931884766,48.20000076293945,47.58000183105469,1678600.0,38.807254791259766
2013-10-10,48.40999984741211,47.90999984741211,47.95000076293945,48.380001068115234,1976800.0,39.45975112915039
2013-10-11,49.09000015258789,48.29999923706055,48.349998474121094,48.93000030517578,1259000.0,39.90834045410156
2013-10-14,49.47999954223633,48.58000183105469,48.59000015258789,49.279998779296875,1302600.0,40.19381332397461
2013-10-15,50.290000915527344,49.2400016784668,49.2400016784668,49.47999954223633,2339200.0,40.356929779052734
2013-10-16,50.33000183105469,49.5,50.060001373291016,49.81999969482422,1904200.0,40.634239196777344
2013-10-17,50.939998626708984,49.29999923706055,49.970001220703125,50.790000915527344,2564900.0,41.42538833618164
2013-10-18,51.25,50.5,50.9900016784668,51.09000015258789,2703400.0,41.67007827758789
2013-10-21,51.4900016784668,50.380001068115234,51.189998626708984,50.72999954223633,1831200.0,41.37645721435547
2013-10-22,51.630001068115234,50.83000183105469,50.900001525878906,51.41999816894531,1632000.0,41.93922424316406
2013-10-23,51.380001068115234,50.41999816894531,51.0099983215332,51.18000030517578,1177800.0,41.74348068237305
2013-10-24,51.79999923706055,51.2599983215332,51.439998626708984,51.349998474121094,1206200.0,41.882137298583984
2013-10-25,51.439998626708984,51.099998474121094,51.349998474121094,51.400001525878906,1352400.0,41.92292785644531
2013-10-28,51.5099983215332,50.93000030517578,51.25,51.130001068115234,919900.0,41.70270919799805
2013-10-29,51.599998474121094,51.029998779296875,51.290000915527344,51.54999923706055,1566900.0,42.045257568359375
2013-10-30,51.650001525878906,51.060001373291016,51.4900016784668,51.380001068115234,1257800.0,41.906620025634766
2013-10-31,52.27000045776367,51.15999984741211,51.29999923706055,51.77000045776367,1818700.0,42.22470474243164
2013-11-01,53.189998626708984,51.79999923706055,51.88999938964844,52.75,2349900.0,43.02402114868164
2013-11-04,53.59000015258789,53.040000915527344,53.040000915527344,53.29999923706055,1869400.0,43.47261047363281
2013-11-05,53.7400016784668,52.560001373291016,53.0099983215332,53.52000045776367,1743100.0,43.652042388916016
2013-11-06,54.18000030517578,53.560001373291016,53.709999084472656,54.09000015258789,1553900.0,44.116947174072266
2013-11-07,54.29999923706055,53.40999984741211,54.2599983215332,53.5099983215332,1731700.0,43.64388656616211
2013-11-08,54.72999954223633,53.31999969482422,53.5099983215332,54.619998931884766,1543800.0,44.54922103881836
2013-11-11,54.630001068115234,54.220001220703125,54.630001068115234,54.470001220703125,1013500.0,44.42688751220703
2013-11-12,54.310001373291016,53.33000183105469,54.310001373291016,53.779998779296875,1177700.0,43.864097595214844
2013-11-13,52.959999084472656,52.029998779296875,52.81999969482422,52.38999938964844,4295900.0,42.73038101196289
2013-11-14,53.33000183105469,52.08000183105469,52.599998474121094,53.099998474121094,2436500.0,43.309471130371094
2013-11-15,53.810001373291016,53.06999969482422,53.220001220703125,53.61000061035156,1268100.0,43.72544479370117
2013-11-18,53.52000045776367,52.72999954223633,53.189998626708984,53.0099983215332,1231900.0,43.2360725402832
2013-11-19,53.63999938964844,52.880001068115234,52.970001220703125,53.209999084472656,1236300.0,43.399200439453125
2013-11-20,53.61000061035156,52.529998779296875,53.310001373291016,52.70000076293945,1235500.0,42.98322677612305
2013-11-21,53.099998474121094,52.52000045776367,52.939998626708984,53.04999923706055,994400.0,43.26869201660156
2013-11-22,52.560001373291016,51.47999954223633,52.38999938964844,51.970001220703125,1652800.0,42.3878288269043
2013-11-25,51.970001220703125,51.470001220703125,51.959999084472656,51.65999984741211,1113700.0,42.13498306274414
2013-11-26,51.650001525878906,51.16999816894531,51.529998779296875,51.380001068115234,1494300.0,41.906620025634766
2013-11-27,51.779998779296875,50.91999816894531,51.560001373291016,50.970001220703125,1273700.0,41.572208404541016
2013-11-29,51.41999816894531,50.41999816894531,51.2599983215332,51.060001373291016,1012400.0,41.64562225341797
2013-12-02,51.150001525878906,50.54999923706055,51.150001525878906,50.61000061035156,1307900.0,41.27858352661133
2013-12-03,51.310001373291016,50.33000183105469,50.66999816894531,50.54999923706055,1715600.0,41.229644775390625
2013-12-04,51.9900016784668,50.470001220703125,50.56999969482422,51.470001220703125,2124600.0,41.98002243041992
2013-12-05,52.04999923706055,51.34000015258789,51.470001220703125,51.86000061035156,1860300.0,42.29811096191406
2013-12-06,52.599998474121094,51.90999984741211,52.310001373291016,52.209999084472656,1288700.0,42.58357620239258
2013-12-09,52.65999984741211,52.189998626708984,52.189998626708984,52.5099983215332,1068400.0,42.82826614379883
2013-12-10,52.9900016784668,52.31999969482422,52.59000015258789,52.869998931884766,1591300.0,43.121891021728516
2013-12-11,52.869998931884766,51.380001068115234,52.869998931884766,51.45000076293945,1767600.0,41.96370315551758
2013-12-12,51.5,51.0099983215332,51.279998779296875,51.220001220703125,1077500.0,41.77610778808594
2013-12-13,51.720001220703125,51.2599983215332,51.279998779296875,51.59000015258789,1094800.0,42.07789993286133
2013-12-16,52.22999954223633,51.5,51.70000076293945,52.04999923706055,1827100.0,42.45306396484375
2013-12-17,52.04999923706055,50.939998626708984,51.95000076293945,51.5099983215332,1979700.0,42.01264572143555
2013-12-18,51.7599983215332,50.38999938964844,51.709999084472656,51.63999938964844,1961000.0,42.11867904663086
2013-12-19,52.66999816894531,51.5,51.61000061035156,52.38999938964844,1617300.0,42.73038101196289
2013-12-20,52.75,51.95000076293945,52.560001373291016,51.9900016784668,2018500.0,42.40414047241211
2013-12-23,52.59000015258789,52.040000915527344,52.31999969482422,52.41999816894531,1394500.0,42.754859924316406
2013-12-24,53.4900016784668,52.43000030517578,52.59000015258789,53.31999969482422,856700.0,43.48891830444336
2013-12-26,53.81999969482422,53.34000015258789,53.41999816894531,53.650001525878906,1089500.0,43.75807189941406
2013-12-27,54.130001068115234,53.40999984741211,53.54999923706055,54.0,1850700.0,44.34940719604492
2013-12-30,54.16999816894531,53.40999984741211,53.880001068115234,53.4900016784668,1167200.0,43.9305419921875
2013-12-31,53.810001373291016,53.189998626708984,53.4900016784668,53.380001068115234,1210900.0,43.8401985168457
2014-01-02,53.380001068115234,52.5099983215332,53.290000915527344,52.72999954223633,1604200.0,43.306365966796875
2014-01-03,52.939998626708984,52.5099983215332,52.75,52.779998779296875,849000.0,43.34742736816406
2014-01-06,53.0,52.20000076293945,52.91999816894531,52.529998779296875,1459600.0,43.14210510253906
2014-01-07,53.119998931884766,52.59000015258789,52.619998931884766,52.790000915527344,1725500.0,43.35564041137695
2014-01-08,53.400001525878906,52.439998626708984,52.77000045776367,53.06999969482422,2121300.0,43.58560562133789
2014-01-09,53.36000061035156,52.52000045776367,53.31999969482422,52.7400016784668,1684200.0,43.3145866394043
2014-01-10,52.9900016784668,52.380001068115234,52.880001068115234,52.95000076293945,1410700.0,43.48704528808594
2014-01-13,53.04999923706055,51.43000030517578,52.779998779296875,51.540000915527344,2298700.0,42.32903289794922
2014-01-14,51.720001220703125,50.81999969482422,51.459999084472656,51.56999969482422,2686400.0,42.353675842285156
2014-01-15,51.880001068115234,51.290000915527344,51.529998779296875,51.540000915527344,1576800.0,42.32903289794922
2014-01-16,51.95000076293945,51.4900016784668,51.630001068115234,51.81999969482422,1501500.0,42.558990478515625
2014-01-17,52.099998474121094,51.29999923706055,51.91999816894531,51.380001068115234,3290300.0,42.197635650634766
2014-01-21,51.58000183105469,50.41999816894531,51.56999969482422,50.75,2351700.0,41.68022537231445
2014-01-22,51.08000183105469,50.38999938964844,50.900001525878906,50.70000076293945,2034300.0,41.63916015625
2014-01-23,50.61000061035156,49.93000030517578,50.540000915527344,50.15999984741211,1848000.0,41.19567108154297
2014-01-24,49.810001373291016,48.619998931884766,49.790000915527344,48.7599983215332,3209600.0,40.045860290527344
2014-01-27,49.08000183105469,48.029998779296875,48.779998779296875,48.41999816894531,2667100.0,39.76662826538086
2014-01-28,50.959999084472656,48.25,49.0,48.9900016784668,3535900.0,40.234764099121094
2014-01-29,48.86000061035156,47.81999969482422,48.36000061035156,48.43000030517578,3126400.0,39.774837493896484
2014-01-30,48.79999923706055,47.84000015258789,48.66999816894531,48.59000015258789,1976600.0,39.9062385559082
2014-01-31,48.84000015258789,47.77000045776367,48.18000030517578,48.349998474121094,1873300.0,39.70913314819336
2014-02-03,48.459999084472656,46.54999923706055,48.25,46.619998931884766,2358200.0,38.28831100463867
2014-02-04,47.06999969482422,46.38999938964844,46.95000076293945,46.779998779296875,2315100.0,38.41971969604492
2014-02-05,47.31999969482422,46.650001525878906,46.83000183105469,47.189998626708984,2135100.0,38.756446838378906
2014-02-06,48.41999816894531,47.15999984741211,47.209999084472656,48.31999969482422,3527700.0,39.684505462646484
2014-02-07,48.77000045776367,47.83000183105469,48.59000015258789,48.45000076293945,2212200.0,39.79126739501953
2014-02-10,48.5,48.029998779296875,48.459999084472656,48.209999084472656,1848100.0,39.59416198730469
2014-02-11,49.06999969482422,48.18000030517578,48.290000915527344,48.900001525878906,4272200.0,40.16083526611328
2014-02-12,50.5,49.119998931884766,49.119998931884766,50.22999954223633,3051600.0,41.253150939941406
2014-02-13,50.58000183105469,49.72999954223633,49.7599983215332,50.54999923706055,1619400.0,41.515960693359375
2014-02-14,51.400001525878906,50.45000076293945,50.540000915527344,51.33000183105469,1592600.0,42.15657424926758
2014-02-18,51.54999923706055,51.040000915527344,51.29999923706055,51.33000183105469,1828300.0,42.15657424926758
2014-02-19,51.4900016784668,50.630001068115234,51.04999923706055,50.66999816894531,2038100.0,41.61451721191406
2014-02-20,51.150001525878906,50.459999084472656,50.63999938964844,51.09000015258789,1425800.0,41.95945739746094
2014-02-21,51.22999954223633,50.380001068115234,51.18000030517578,50.41999816894531,1933200.0,41.40919494628906
2014-02-24,50.52000045776367,49.689998626708984,50.52000045776367,49.70000076293945,1852800.0,40.817867279052734
2014-02-25,49.66999816894531,48.65999984741211,49.540000915527344,49.2400016784668,2132900.0,40.440086364746094
2014-02-26,49.849998474121094,49.209999084472656,49.36000061035156,49.560001373291016,1250400.0,40.70289611816406
2014-02-27,50.439998626708984,49.63999938964844,49.63999938964844,50.36000061035156,1184300.0,41.359928131103516
2014-02-28,50.599998474121094,49.849998474121094,50.310001373291016,50.2400016784668,1181000.0,41.26136779785156
2014-03-03,50.220001220703125,49.290000915527344,49.88999938964844,49.560001373291016,1813900.0,40.70289611816406
2014-03-04,50.689998626708984,50.0,50.04999923706055,50.59000015258789,1552400.0,41.54880905151367
2014-03-05,50.880001068115234,50.27000045776367,50.4900016784668,50.779998779296875,1187400.0,41.704856872558594
2014-03-06,51.439998626708984,50.4900016784668,50.970001220703125,50.59000015258789,2488000.0,41.54880905151367
2014-03-07,50.77000045776367,49.93000030517578,50.720001220703125,50.150001525878906,2197000.0,41.18745422363281
2014-03-10,50.060001373291016,49.369998931884766,49.869998931884766,49.58000183105469,1833300.0,40.719322204589844
2014-03-11,49.90999984741211,49.310001373291016,49.88999938964844,49.369998931884766,1648800.0,40.546836853027344
2014-03-12,49.65999984741211,48.91999816894531,49.2400016784668,48.95000076293945,1938500.0,40.20191192626953
2014-03-13,49.43000030517578,48.2400016784668,49.08000183105469,48.650001525878906,2471700.0,39.95553207397461
2014-03-14,48.52000045776367,47.880001068115234,48.119998931884766,48.5,3050900.0,39.83232498168945
2014-03-17,49.88999938964844,48.790000915527344,48.790000915527344,49.470001220703125,2087000.0,40.628971099853516
2014-03-18,50.0,49.040000915527344,49.310001373291016,49.88999938964844,2469300.0,40.97392272949219
2014-03-19,49.86000061035156,49.290000915527344,49.86000061035156,49.56999969482422,1882000.0,40.71110534667969
2014-03-20,49.79999923706055,49.09000015258789,49.279998779296875,49.779998779296875,1380600.0,40.883575439453125
2014-03-21,51.720001220703125,49.939998626708984,50.130001068115234,51.22999954223633,5484500.0,42.07443618774414
2014-03-24,51.41999816894531,50.40999984741211,51.290000915527344,50.90999984741211,2028900.0,41.81162643432617
2014-03-25,51.709999084472656,51.119998931884766,51.2400016784668,51.31999969482422,1835900.0,42.148353576660156
2014-03-26,51.97999954223633,50.709999084472656,51.720001220703125,50.709999084472656,1976200.0,41.64735794067383
2014-03-27,50.52000045776367,49.959999084472656,50.33000183105469,50.189998626708984,1409500.0,41.523284912109375
2014-03-28,50.5099983215332,49.83000183105469,50.41999816894531,50.060001373291016,1452200.0,41.41572570800781
2014-03-31,50.779998779296875,50.22999954223633,50.369998931884766,50.540000915527344,1459600.0,41.812828063964844
2014-04-01,50.970001220703125,50.43000030517578,50.79999923706055,50.630001068115234,1584300.0,41.887290954589844
2014-04-02,51.22999954223633,50.560001373291016,50.61000061035156,51.119998931884766,1378500.0,42.29268264770508
2014-04-03,51.97999954223633,51.08000183105469,51.20000076293945,51.54999923706055,1480200.0,42.64842987060547
2014-04-04,52.18000030517578,50.86000061035156,51.88999938964844,51.099998474121094,1750100.0,42.27614212036133
2014-04-07,51.45000076293945,50.459999084472656,51.09000015258789,50.86000061035156,1485300.0,42.07758712768555
2014-04-08,51.90999984741211,50.91999816894531,51.06999969482422,51.56999969482422,2282300.0,42.66497039794922
2014-04-09,52.72999954223633,51.790000915527344,51.810001373291016,52.5099983215332,1836800.0,43.44266128540039
2014-04-10,52.47999954223633,51.09000015258789,52.47999954223633,51.20000076293945,2116000.0,42.35886001586914
2014-04-11,51.130001068115234,50.349998474121094,50.79999923706055,50.689998626708984,2165600.0,41.93693161010742
2014-04-14,52.099998474121094,51.130001068115234,51.2400016784668,51.83000183105469,2035000.0,42.880088806152344
2014-04-15,51.709999084472656,50.58000183105469,51.689998626708984,51.68000030517578,1700900.0,42.755977630615234
2014-04-16,52.209999084472656,51.33000183105469,51.9900016784668,52.209999084472656,1987800.0,43.1944580078125
2014-04-17,52.58000183105469,51.790000915527344,51.95000076293945,52.13999938964844,3070000.0,43.13655090332031
2014-04-21,52.459999084472656,51.81999969482422,52.099998474121094,52.04999923706055,1703600.0,43.06208419799805
2014-04-22,52.540000915527344,51.84000015258789,52.540000915527344,52.2400016784668,1829600.0,43.21928405761719
2014-04-23,52.65999984741211,51.849998474121094,52.18000030517578,52.540000915527344,2335800.0,43.46747589111328
2014-04-24,52.540000915527344,51.11000061035156,52.540000915527344,51.4900016784668,2630300.0,42.598785400390625
2014-04-25,51.79999923706055,50.83000183105469,51.099998474121094,51.11000061035156,1921900.0,42.284400939941406
2014-04-28,51.13999938964844,50.2599983215332,51.099998474121094,50.72999954223633,1722300.0,41.970027923583984
2014-04-29,51.70000076293945,50.79999923706055,51.029998779296875,51.65999984741211,1906700.0,42.73944091796875
2014-04-30,51.84000015258789,51.36000061035156,51.470001220703125,51.75,1321800.0,42.81389617919922
2014-05-01,52.15999984741211,51.38999938964844,51.650001525878906,51.88999938964844,1181500.0,42.92972183227539
2014-05-02,52.83000183105469,51.869998931884766,52.0,52.349998474121094,1304900.0,43.3102912902832
2014-05-05,52.220001220703125,51.400001525878906,52.13999938964844,51.720001220703125,1210800.0,42.78907775878906
2014-05-06,51.900001525878906,51.36000061035156,51.77000045776367,51.400001525878906,757100.0,42.52432632446289
2014-05-07,52.5,51.5,51.5,52.459999084472656,1606600.0,43.40128707885742
2014-05-08,52.88999938964844,51.810001373291016,52.38999938964844,52.029998779296875,1025600.0,43.04553985595703
2014-05-09,52.029998779296875,51.40999984741211,51.880001068115234,51.65999984741211,1044600.0,42.73944091796875
2014-05-12,53.189998626708984,52.099998474121094,52.13999938964844,53.15999984741211,1430900.0,43.98040771484375
2014-05-13,53.220001220703125,52.5099983215332,53.11000061035156,52.619998931884766,1226400.0,43.53366470336914
2014-05-14,53.369998931884766,52.68000030517578,52.779998779296875,52.95000076293945,1379400.0,43.806678771972656
2014-05-15,52.93000030517578,51.70000076293945,52.900001525878906,52.16999816894531,1152200.0,43.16136932373047
2014-05-16,52.369998931884766,51.5099983215332,52.09000015258789,52.13999938964844,1165600.0,43.13655090332031
2014-05-19,52.47999954223633,52.02000045776367,52.040000915527344,52.43000030517578,1167400.0,43.3764762878418
2014-05-20,52.380001068115234,51.08000183105469,52.08000183105469,51.29999923706055,1309800.0,42.44160842895508
2014-05-21,51.810001373291016,50.93000030517578,51.5,51.36000061035156,1952600.0,42.491233825683594
2014-05-22,51.56999969482422,50.86000061035156,51.5,50.939998626708984,1782200.0,42.14375686645508
2014-05-23,51.52000045776367,50.86000061035156,51.060001373291016,51.470001220703125,999600.0,42.582244873046875
2014-05-27,52.029998779296875,51.43000030517578,51.560001373291016,51.90999984741211,852000.0,42.946266174316406
2014-05-28,52.099998474121094,51.220001220703125,51.93000030517578,51.27000045776367,1008400.0,42.41677474975586
2014-05-29,51.77000045776367,50.9900016784668,51.369998931884766,51.70000076293945,1189100.0,42.77253341674805
2014-05-30,51.349998474121094,50.439998626708984,51.2599983215332,50.630001068115234,1892200.0,41.887290954589844
2014-06-02,50.7599983215332,50.209999084472656,50.7400016784668,50.38999938964844,1558600.0,41.68872833251953
2014-06-03,50.38999938964844,49.849998474121094,50.130001068115234,50.380001068115234,1491700.0,41.68046188354492
2014-06-04,50.75,50.099998474121094,50.18000030517578,50.20000076293945,1877200.0,41.53154754638672
2014-06-05,51.25,50.20000076293945,50.40999984741211,50.970001220703125,1443600.0,42.16858673095703
2014-06-06,51.47999954223633,50.70000076293945,51.02000045776367,51.22999954223633,1554600.0,42.38368606567383
2014-06-09,51.41999816894531,50.619998931884766,51.2400016784668,50.790000915527344,1585000.0,42.01966857910156
2014-06-10,50.939998626708984,50.470001220703125,50.70000076293945,50.689998626708984,925700.0,41.93693161010742
2014-06-11,50.880001068115234,50.41999816894531,50.599998474121094,50.790000915527344,1133000.0,42.01966857910156
2014-06-12,50.68000030517578,50.119998931884766,50.650001525878906,50.29999923706055,1124000.0,41.61427688598633
2014-06-13,50.95000076293945,50.290000915527344,50.400001525878906,50.84000015258789,1301600.0,42.06103515625
2014-06-16,51.060001373291016,50.290000915527344,50.849998474121094,50.38999938964844,1282800.0,41.68872833251953
2014-06-17,51.40999984741211,50.06999969482422,50.29999923706055,51.18000030517578,1460900.0,42.342315673828125
2014-06-18,51.9900016784668,51.2400016784668,51.45000076293945,51.959999084472656,1509800.0,42.98762893676758
2014-06-19,52.220001220703125,51.54999923706055,51.93000030517578,51.68000030517578,1105100.0,42.755977630615234
2014-06-20,51.150001525878906,50.15999984741211,50.470001220703125,50.52000045776367,3455000.0,41.796295166015625
2014-06-23,50.43000030517578,49.59000015258789,50.41999816894531,50.15999984741211,2708600.0,41.49845504760742
2014-06-24,50.369998931884766,49.810001373291016,50.150001525878906,49.88999938964844,2177700.0,41.27508544921875
2014-06-25,50.380001068115234,49.720001220703125,49.88999938964844,50.310001373291016,1774500.0,41.62254333496094
2014-06-26,50.220001220703125,49.650001525878906,50.029998779296875,49.849998474121094,1574600.0,41.54753112792969
2014-06-27,49.83000183105469,48.97999954223633,49.63999938964844,49.09000015258789,2503500.0,40.91410827636719
2014-06-30,49.34000015258789,48.720001220703125,49.0,49.25,1875800.0,41.0474739074707
2014-07-01,49.689998626708984,49.13999938964844,49.43000030517578,49.150001525878906,1461300.0,40.96413040161133
2014-07-02,49.72999954223633,49.20000076293945,49.22999954223633,49.65999984741211,1382600.0,41.38918685913086
2014-07-03,50.75,49.720001220703125,49.7400016784668,50.529998779296875,1748000.0,42.11429214477539
2014-07-07,50.2400016784668,49.58000183105469,50.13999938964844,49.68000030517578,2319900.0,41.40584945678711
2014-07-08,50.0,49.31999969482422,49.90999984741211,49.84000015258789,1367800.0,41.539207458496094
2014-07-09,50.470001220703125,49.88999938964844,49.93000030517578,50.20000076293945,1932200.0,41.83924865722656
2014-07-10,50.099998474121094,49.58000183105469,49.849998474121094,49.68000030517578,1317500.0,41.40584945678711
2014-07-11,49.720001220703125,49.189998626708984,49.2599983215332,49.41999816894531,1809400.0,41.18915939331055
2014-07-14,49.75,49.029998779296875,49.70000076293945,49.22999954223633,1519800.0,41.030799865722656
2014-07-15,49.72999954223633,49.18000030517578,49.38999938964844,49.599998474121094,1679600.0,41.339168548583984
2014-07-16,50.65999984741211,49.959999084472656,49.9900016784668,50.5,2014100.0,42.08927917480469
2014-07-17,50.45000076293945,49.709999084472656,50.09000015258789,49.79999923706055,1516300.0,41.505863189697266
2014-07-18,50.4900016784668,49.86000061035156,49.91999816894531,50.27000045776367,1975000.0,41.897579193115234
2014-07-21,50.63999938964844,49.91999816894531,50.189998626708984,50.45000076293945,1536000.0,42.047607421875
2014-07-22,50.880001068115234,50.560001373291016,50.650001525878906,50.689998626708984,1329400.0,42.247642517089844
2014-07-23,51.04999923706055,50.40999984741211,50.72999954223633,51.0,2708800.0,42.50600814819336
2014-07-24,52.939998626708984,50.90999984741211,51.83000183105469,51.11000061035156,1858200.0,42.59768295288086
2014-07-25,51.349998474121094,50.849998474121094,51.099998474121094,51.33000183105469,1341800.0,42.78104782104492
2014-07-28,51.61000061035156,50.959999084472656,51.220001220703125,51.2400016784668,1208400.0,42.706031799316406
2014-07-29,51.61000061035156,51.0,51.40999984741211,51.02000045776367,1128300.0,42.522666931152344
2014-07-30,51.810001373291016,51.13999938964844,51.65999984741211,51.2400016784668,1870200.0,42.706031799316406
2014-07-31,51.2599983215332,50.150001525878906,50.79999923706055,50.220001220703125,1650100.0,41.85591125488281
2014-08-01,50.689998626708984,49.52000045776367,49.88999938964844,49.810001373291016,1517900.0,41.514198303222656
2014-08-04,50.27000045776367,49.54999923706055,50.040000915527344,50.189998626708984,1202600.0,41.83092498779297
2014-08-05,50.56999969482422,49.70000076293945,49.90999984741211,49.970001220703125,1143000.0,41.64754867553711
2014-08-06,50.83000183105469,49.790000915527344,49.790000915527344,50.630001068115234,1397800.0,42.1976318359375
2014-08-07,50.869998931884766,49.880001068115234,50.7400016784668,50.09000015258789,1242800.0,41.74756622314453
2014-08-08,51.09000015258789,50.0099983215332,50.06999969482422,51.06999969482422,956300.0,42.56435012817383
2014-08-11,51.4900016784668,50.939998626708984,51.29999923706055,50.970001220703125,1180800.0,42.48100662231445
2014-08-12,51.130001068115234,50.66999816894531,50.95000076293945,51.040000915527344,926600.0,42.539337158203125
2014-08-13,52.52000045776367,51.16999816894531,51.209999084472656,52.4900016784668,2239400.0,43.74784851074219
2014-08-14,52.66999816894531,51.9900016784668,52.619998931884766,52.189998626708984,1731000.0,43.4978141784668
2014-08-15,52.650001525878906,51.939998626708984,52.529998779296875,52.0,1395700.0,43.33946228027344
2014-08-18,53.65999984741211,52.310001373291016,52.34000015258789,53.650001525878906,2672500.0,44.71465301513672
2014-08-19,54.279998779296875,53.630001068115234,53.810001373291016,54.0,2076500.0,45.0063591003418
2014-08-20,54.38999938964844,53.75,53.900001525878906,54.06999969482422,1181300.0,45.064697265625
2014-08-21,54.02000045776367,53.59000015258789,53.95000076293945,53.75,1205200.0,44.79800033569336
2014-08-22,53.91999816894531,53.470001220703125,53.59000015258789,53.75,1174300.0,44.79800033569336
2014-08-25,54.29999923706055,53.810001373291016,54.060001373291016,54.029998779296875,940400.0,45.031368255615234
2014-08-26,54.599998474121094,54.11000061035156,54.16999816894531,54.36000061035156,1066500.0,45.30640411376953
2014-08-27,54.599998474121094,54.040000915527344,54.36000061035156,54.310001373291016,904700.0,45.264732360839844
2014-08-28,54.0099983215332,53.540000915527344,53.84000015258789,53.959999084472656,841700.0,44.9730224609375
2014-08-29,54.380001068115234,53.90999984741211,54.150001525878906,54.31999969482422,849000.0,45.27306365966797
2014-09-02,54.45000076293945,53.90999984741211,54.31999969482422,53.91999816894531,1482900.0,44.93968963623047
2014-09-03,55.2599983215332,54.5099983215332,54.5099983215332,55.02000045776367,1811700.0,45.856483459472656
2014-09-04,56.09000015258789,54.970001220703125,55.0,55.790000915527344,2393700.0,46.498233795166016
2014-09-05,56.06999969482422,55.47999954223633,55.689998626708984,56.040000915527344,1240300.0,46.70659637451172
2014-09-08,56.04999923706055,55.13999938964844,56.0,55.43000030517578,1598700.0,46.19820022583008
2014-09-09,55.599998474121094,54.9900016784668,55.380001068115234,55.20000076293945,1303600.0,46.006500244140625
2014-09-10,55.2400016784668,54.56999969482422,55.189998626708984,54.849998474121094,1164900.0,45.71479797363281
2014-09-11,55.16999816894531,54.63999938964844,54.68000030517578,55.16999816894531,979400.0,45.981502532958984
2014-09-12,55.16999816894531,54.720001220703125,55.0099983215332,54.959999084472656,1659100.0,45.80647277832031
2014-09-15,56.58000183105469,55.25,55.75,55.349998474121094,2552000.0,46.13151168823242
2014-09-16,55.880001068115234,54.91999816894531,55.06999969482422,55.619998931884766,1821800.0,46.35654830932617
2014-09-17,58.7599983215332,57.25,57.900001525878906,57.810001373291016,6157000.0,48.18181610107422
2014-09-18,58.34000015258789,57.540000915527344,58.29999923706055,58.09000015258789,2814300.0,48.41517639160156
2014-09-19,58.310001373291016,57.5,58.290000915527344,57.63999938964844,2781700.0,48.04011917114258
2014-09-22,57.560001373291016,56.70000076293945,57.2400016784668,56.959999084472656,2311000.0,47.47336959838867
2014-09-23,57.2400016784668,56.599998474121094,56.959999084472656,56.70000076293945,1620600.0,47.25667953491211
2014-09-24,56.88999938964844,55.810001373291016,56.869998931884766,56.16999816894531,3379500.0,46.81494903564453
2014-09-25,56.0,54.81999969482422,55.939998626708984,55.25,2629400.0,46.04817581176758
2014-09-26,55.290000915527344,54.630001068115234,55.25,55.22999954223633,1619300.0,46.34185028076172
2014-09-29,55.029998779296875,54.470001220703125,54.790000915527344,54.560001373291016,1677700.0,45.77967071533203
2014-09-30,54.90999984741211,53.84000015258789,54.54999923706055,54.279998779296875,1782400.0,45.54473114013672
2014-10-01,54.290000915527344,52.56999969482422,54.279998779296875,52.83000183105469,2356600.0,44.32807922363281
2014-10-02,52.959999084472656,51.540000915527344,52.849998474121094,52.380001068115234,2382700.0,43.95049285888672
2014-10-03,52.86000061035156,51.81999969482422,52.34000015258789,51.97999954223633,2003500.0,43.6148681640625
2014-10-06,52.47999954223633,51.20000076293945,52.310001373291016,51.45000076293945,2617100.0,43.17015838623047
2014-10-07,51.68000030517578,50.52000045776367,51.150001525878906,50.529998779296875,2618400.0,42.39822006225586
2014-10-08,51.400001525878906,49.79999923706055,50.560001373291016,51.349998474121094,2863600.0,43.08625793457031
2014-10-09,51.310001373291016,49.56999969482422,51.310001373291016,49.630001068115234,2197400.0,41.643062591552734
2014-10-10,49.970001220703125,48.689998626708984,49.38999938964844,48.709999084472656,2606000.0,40.8711051940918
2014-10-13,49.7400016784668,48.15999984741211,49.06999969482422,48.220001220703125,3237700.0,40.4599723815918
2014-10-14,49.72999954223633,48.45000076293945,48.720001220703125,49.0099983215332,2461200.0,41.12282943725586
2014-10-15,49.31999969482422,47.27000045776367,48.220001220703125,49.06999969482422,3135800.0,41.17316436767578
2014-10-16,50.02000045776367,47.90999984741211,47.90999984741211,49.54999923706055,2140600.0,41.57593536376953
2014-10-17,50.689998626708984,49.66999816894531,49.970001220703125,49.90999984741211,2673300.0,41.877986907958984
2014-10-20,50.58000183105469,49.689998626708984,49.779998779296875,50.47999954223633,1275300.0,42.356266021728516
2014-10-21,51.970001220703125,50.91999816894531,51.08000183105469,51.689998626708984,2650500.0,43.37154006958008
2014-10-22,52.58000183105469,51.54999923706055,51.79999923706055,51.709999084472656,2906700.0,43.3883171081543
2014-10-23,51.869998931884766,50.25,51.869998931884766,51.119998931884766,3557900.0,42.89326858520508
2014-10-24,52.86000061035156,51.41999816894531,51.880001068115234,52.790000915527344,3322500.0,44.294517517089844
2014-10-27,52.68000030517578,51.849998474121094,52.310001373291016,52.20000076293945,3017600.0,43.799461364746094
2014-10-28,53.529998779296875,52.290000915527344,52.59000015258789,53.41999816894531,2009700.0,44.82313537597656
2014-10-29,54.18000030517578,52.20000076293945,54.0099983215332,52.7400016784668,5090900.0,44.252567291259766
2014-10-30,53.61000061035156,52.349998474121094,52.599998474121094,53.06999969482422,2543500.0,44.529449462890625
2014-10-31,54.09000015258789,52.650001525878906,53.540000915527344,54.060001373291016,3121700.0,45.36013412475586
2014-11-03,54.0,52.869998931884766,53.849998474121094,53.349998474121094,1976200.0,44.76439666748047
2014-11-04,53.29999923706055,52.0,53.150001525878906,52.869998931884766,1958700.0,44.36164093017578
2014-11-05,53.290000915527344,52.40999984741211,53.060001373291016,53.060001373291016,1219400.0,44.52106475830078
2014-11-06,53.63999938964844,52.86000061035156,53.130001068115234,53.47999954223633,1355500.0,44.87348175048828
2014-11-07,54.41999816894531,53.54999923706055,53.54999923706055,54.18000030517578,1518100.0,45.46082305908203
2014-11-10,54.630001068115234,53.400001525878906,54.16999816894531,53.459999084472656,1964000.0,44.85669708251953
2014-11-11,53.5,53.060001373291016,53.2599983215332,53.33000183105469,1358600.0,44.74761962890625
2014-11-12,53.68000030517578,52.95000076293945,53.04999923706055,53.27000045776367,1572200.0,44.69727325439453
2014-11-13,53.900001525878906,53.09000015258789,53.349998474121094,53.36000061035156,1466000.0,44.772789001464844
2014-11-14,54.0099983215332,53.09000015258789,53.279998779296875,53.90999984741211,1584400.0,45.23427200317383
2014-11-17,54.380001068115234,53.58000183105469,53.849998474121094,54.13999938964844,1416000.0,45.42726516723633
2014-11-18,54.470001220703125,53.95000076293945,53.95000076293945,54.36000061035156,1127300.0,45.61185073852539
2014-11-19,54.20000076293945,53.15999984741211,54.11000061035156,53.689998626708984,1733400.0,45.04967498779297
2014-11-20,54.36000061035156,53.04999923706055,53.16999816894531,54.22999954223633,1213200.0,45.50277328491211
2014-11-21,55.310001373291016,53.959999084472656,55.13999938964844,54.400001525878906,2522300.0,45.645416259765625
2014-11-24,54.84000015258789,53.88999938964844,54.52000045776367,53.90999984741211,1871100.0,45.23427200317383
2014-11-25,54.88999938964844,54.02000045776367,54.11000061035156,54.650001525878906,1312600.0,45.85519790649414
2014-11-26,54.86000061035156,54.18000030517578,54.779998779296875,54.22999954223633,1245100.0,45.50277328491211
2014-11-28,54.5,53.31999969482422,54.34000015258789,53.630001068115234,934300.0,44.99934005737305
2014-12-01,53.68000030517578,52.900001525878906,53.68000030517578,53.279998779296875,1545000.0,44.70566177368164
2014-12-02,53.790000915527344,53.0,53.40999984741211,53.13999938964844,1437500.0,44.58818435668945
2014-12-03,55.02000045776367,53.369998931884766,53.38999938964844,54.970001220703125,1828000.0,46.123687744140625
2014-12-04,55.290000915527344,54.66999816894531,55.0,55.130001068115234,1452000.0,46.257938385009766
2014-12-05,55.15999984741211,54.290000915527344,55.02000045776367,54.45000076293945,1944300.0,45.687374114990234
2014-12-08,54.66999816894531,53.880001068115234,54.2400016784668,54.02000045776367,1441100.0,45.326576232910156
2014-12-09,54.75,53.45000076293945,53.52000045776367,54.619998931884766,1283000.0,45.83000946044922
2014-12-10,54.25,53.029998779296875,54.16999816894531,53.2599983215332,1609900.0,44.688873291015625
2014-12-11,53.790000915527344,52.86000061035156,53.25,52.970001220703125,1421700.0,44.4455451965332
2014-12-12,52.779998779296875,51.86000061035156,52.56999969482422,51.880001068115234,1564100.0,43.53096008300781
2014-12-15,52.279998779296875,51.11000061035156,52.02000045776367,51.150001525878906,2052500.0,42.91844177246094
2014-12-16,51.22999954223633,48.59000015258789,50.130001068115234,48.790000915527344,4588200.0,40.93824005126953
2014-12-17,49.619998931884766,48.27000045776367,49.11000061035156,49.4900016784668,3569300.0,41.52559280395508
2014-12-18,50.34000015258789,49.0,50.22999954223633,49.380001068115234,3746300.0,41.43329620361328
2014-12-19,50.0,48.86000061035156,49.560001373291016,49.400001525878906,3866400.0,41.4500732421875
2014-12-22,49.810001373291016,48.900001525878906,49.400001525878906,48.939998626708984,2866100.0,41.06410598754883
2014-12-23,50.119998931884766,49.150001525878906,49.400001525878906,49.54999923706055,1602600.0,41.57593536376953
2014-12-24,49.880001068115234,49.25,49.81999969482422,49.33000183105469,687300.0,41.39133834838867
2014-12-26,49.75,49.0,49.75,49.06999969482422,1095900.0,41.17316436767578
2014-12-29,49.4900016784668,48.720001220703125,48.849998474121094,49.220001220703125,1245700.0,41.61451721191406
2014-12-30,49.83000183105469,49.150001525878906,49.150001525878906,49.5099983215332,1326700.0,41.85970687866211
2014-12-31,49.810001373291016,49.02000045776367,49.400001525878906,49.04999923706055,1141300.0,41.47077941894531
2015-01-02,49.43000030517578,48.5,49.22999954223633,49.0099983215332,1359600.0,41.43696212768555
2015-01-05,48.54999923706055,46.970001220703125,48.5099983215332,47.13999938964844,2794900.0,39.85592269897461
2015-01-06,47.25,45.81999969482422,47.20000076293945,46.459999084472656,3926900.0,39.2809944152832
2015-01-07,47.2599983215332,46.70000076293945,46.93000030517578,46.88999938964844,1906100.0,39.64455032348633
2015-01-08,48.119998931884766,46.720001220703125,47.099998474121094,48.029998779296875,2660400.0,40.608394622802734
2015-01-09,48.11000061035156,47.31999969482422,48.029998779296875,47.779998779296875,1527100.0,40.39702606201172
2015-01-12,47.5,45.66999816894531,47.5,46.0,3323500.0,38.89207077026367
2015-01-13,46.47999954223633,45.2599983215332,45.880001068115234,45.65999984741211,2126700.0,38.604610443115234
2015-01-14,44.95000076293945,43.619998931884766,44.95000076293945,44.40999984741211,3226000.0,37.547760009765625
2015-01-15,45.220001220703125,44.13999938964844,44.84000015258789,44.209999084472656,2190200.0,37.378658294677734
2015-01-16,44.560001373291016,43.810001373291016,44.279998779296875,44.41999816894531,2555700.0,37.55621337890625
2015-01-20,44.560001373291016,43.75,44.279998779296875,44.09000015258789,2443300.0,37.27720642089844
2015-01-21,44.41999816894531,43.779998779296875,43.90999984741211,44.0099983215332,2637300.0,37.20955276489258
2015-01-22,45.0,43.880001068115234,44.27000045776367,44.849998474121094,2495700.0,37.919769287109375
2015-01-23,45.220001220703125,43.790000915527344,45.209999084472656,43.79999923706055,2612800.0,37.032020568847656
2015-01-26,44.70000076293945,43.560001373291016,43.779998779296875,44.33000183105469,2584100.0,37.48012161254883
2015-01-27,45.34000015258789,43.060001373291016,44.09000015258789,44.81999969482422,4369600.0,37.89440155029297
2015-01-28,45.22999954223633,44.0,45.11000061035156,44.040000915527344,3137200.0,37.234928131103516
2015-01-29,43.970001220703125,42.93000030517578,43.900001525878906,43.72999954223633,3108800.0,36.97282791137695
2015-01-30,44.25,43.18000030517578,43.279998779296875,43.650001525878906,5037700.0,36.905189514160156
2015-02-02,44.36000061035156,43.5099983215332,43.869998931884766,44.209999084472656,3551000.0,37.378658294677734
2015-02-03,45.84000015258789,44.220001220703125,44.61000061035156,45.72999954223633,4619100.0,38.663787841796875
2015-02-04,45.81999969482422,45.13999938964844,45.13999938964844,45.5,3462600.0,38.46932601928711
2015-02-05,47.7400016784668,45.63999938964844,45.709999084472656,47.630001068115234,3850200.0,40.27021408081055
2015-02-06,48.86000061035156,47.11000061035156,47.13999938964844,48.27000045776367,5792000.0,40.81130599975586
2015-02-09,48.95000076293945,47.959999084472656,48.189998626708984,48.04999923706055,3335700.0,40.62529754638672
2015-02-10,47.91999816894531,46.91999816894531,47.81999969482422,47.810001373291016,1966400.0,40.42238998413086
2015-02-11,47.900001525878906,47.099998474121094,47.599998474121094,47.709999084472656,2294200.0,40.33783721923828
2015-02-12,48.56999969482422,47.959999084472656,48.279998779296875,48.349998474121094,2191300.0,40.878944396972656
2015-02-13,49.16999816894531,48.599998474121094,48.779998779296875,48.900001525878906,1902600.0,41.34395980834961
2015-02-17,48.95000076293945,48.220001220703125,48.91999816894531,48.68000030517578,1427400.0,41.157955169677734
2015-02-18,48.709999084472656,48.130001068115234,48.439998626708984,48.25,1394600.0,40.794395446777344
2015-02-19,48.40999984741211,47.630001068115234,47.939998626708984,48.13999938964844,1189500.0,40.701385498046875
2015-02-20,48.560001373291016,47.88999938964844,48.09000015258789,48.47999954223633,1308900.0,40.988861083984375
2015-02-23,48.25,47.650001525878906,48.0099983215332,48.0,1526100.0,40.58303451538086
2015-02-24,48.790000915527344,47.970001220703125,48.0,48.650001525878906,1883100.0,41.132598876953125
2015-02-25,48.66999816894531,47.43000030517578,48.63999938964844,47.709999084472656,1732300.0,40.33783721923828
2015-02-26,48.0,47.119998931884766,47.880001068115234,47.2599983215332,1330700.0,39.95737075805664
2015-02-27,47.56999969482422,46.75,47.22999954223633,47.029998779296875,2135900.0,39.76292037963867
2015-03-02,47.15999984741211,46.689998626708984,47.09000015258789,47.130001068115234,1680600.0,39.84746170043945
2015-03-03,47.529998779296875,46.81999969482422,47.029998779296875,47.150001525878906,1880600.0,39.8643798828125
2015-03-04,47.59000015258789,46.61000061035156,46.68000030517578,47.40999984741211,2660800.0,40.084197998046875
2015-03-05,47.66999816894531,46.81999969482422,47.38999938964844,47.63999938964844,1989000.0,40.278663635253906
2015-03-06,47.79999923706055,46.97999954223633,47.43000030517578,47.029998779296875,3017100.0,39.76292037963867
2015-03-09,47.2599983215332,46.880001068115234,46.97999954223633,47.189998626708984,2085500.0,39.898189544677734
2015-03-10,46.84000015258789,45.939998626708984,46.59000015258789,46.16999816894531,3252200.0,39.03580093383789
2015-03-11,46.63999938964844,45.939998626708984,46.04999923706055,46.47999954223633,1886500.0,39.29789733886719
2015-03-12,47.209999084472656,46.619998931884766,46.900001525878906,47.18000030517578,1944200.0,39.889739990234375
2015-03-13,47.16999816894531,46.349998474121094,47.16999816894531,46.790000915527344,2147300.0,39.560001373291016
2015-03-16,47.34000015258789,46.29999923706055,46.84000015258789,47.29999923706055,1731600.0,39.99119567871094
2015-03-17,47.56999969482422,46.869998931884766,47.130001068115234,47.40999984741211,1450100.0,40.084197998046875
2015-03-18,49.47999954223633,46.849998474121094,47.0099983215332,49.27000045776367,3547300.0,41.65679168701172
2015-03-19,48.16999816894531,45.45000076293945,47.86000061035156,46.099998474121094,7759300.0,38.97662353515625
2015-03-20,47.439998626708984,45.90999984741211,45.90999984741211,47.13999938964844,7469300.0,39.85592269897461
2015-03-23,47.939998626708984,47.279998779296875,47.29999923706055,47.63999938964844,1944000.0,40.278663635253906
2015-03-24,47.7400016784668,46.959999084472656,47.56999969482422,47.02000045776367,2194600.0,39.75445556640625
2015-03-25,47.619998931884766,46.75,47.619998931884766,46.7599983215332,2955200.0,39.53463363647461
2015-03-26,47.45000076293945,46.79999923706055,46.9900016784668,47.11000061035156,2408500.0,39.83055114746094
2015-03-27,46.599998474121094,45.88999938964844,46.349998474121094,46.5,1840600.0,39.62773132324219
2015-03-30,47.58000183105469,46.7599983215332,46.95000076293945,47.33000183105469,1719400.0,40.33506774902344
2015-03-31,47.70000076293945,46.54999923706055,47.18000030517578,47.529998779296875,2508100.0,40.50550842285156
2015-04-01,46.95000076293945,45.59000015258789,46.84000015258789,46.310001373291016,3773100.0,39.4658088684082
2015-04-02,47.36000061035156,45.90999984741211,46.41999816894531,47.2599983215332,2166900.0,40.2754020690918
2015-04-06,47.459999084472656,46.68000030517578,47.29999923706055,46.7400016784668,2335700.0,39.83226013183594
2015-04-07,47.22999954223633,46.650001525878906,46.900001525878906,47.0099983215332,1527900.0,40.06235122680664
2015-04-08,47.810001373291016,47.029998779296875,47.439998626708984,47.59000015258789,2269900.0,40.55662536621094
2015-04-09,47.88999938964844,46.9900016784668,47.31999969482422,47.790000915527344,2173600.0,40.727081298828125
2015-04-10,48.400001525878906,47.54999923706055,47.689998626708984,48.220001220703125,1845500.0,41.09352493286133
2015-04-13,48.11000061035156,47.279998779296875,48.02000045776367,47.36000061035156,1971000.0,40.360626220703125
2015-04-14,48.0,47.130001068115234,47.619998931884766,47.810001373291016,2117900.0,40.74412155151367
2015-04-15,48.90999984741211,47.970001220703125,48.18000030517578,48.52000045776367,2541500.0,41.349178314208984
2015-04-16,48.5099983215332,47.349998474121094,48.5099983215332,47.380001068115234,2240400.0,40.37767028808594
2015-04-17,47.0,46.04999923706055,46.97999954223633,46.40999984741211,2603800.0,39.55103302001953
2015-04-20,47.54999923706055,46.619998931884766,46.619998931884766,47.380001068115234,1916200.0,40.37767028808594
2015-04-21,47.77000045776367,46.7400016784668,47.290000915527344,46.810001373291016,1610500.0,39.891910552978516
2015-04-22,47.029998779296875,46.400001525878906,47.0099983215332,46.81999969482422,1894000.0,39.900428771972656
2015-04-23,48.630001068115234,46.2400016784668,46.66999816894531,48.41999816894531,3339200.0,41.26396942138672
2015-04-24,48.9900016784668,47.869998931884766,48.65999984741211,48.11000061035156,2596000.0,40.99978256225586
2015-04-27,49.279998779296875,48.45000076293945,48.45000076293945,48.599998474121094,2607300.0,41.41737365722656
2015-04-28,49.599998474121094,48.68000030517578,48.709999084472656,49.560001373291016,2931900.0,42.23548889160156
2015-04-29,49.560001373291016,48.709999084472656,48.95000076293945,49.189998626708984,2005800.0,41.9201774597168
2015-04-30,49.38999938964844,48.650001525878906,48.900001525878906,48.86000061035156,3100400.0,41.638946533203125
2015-05-01,49.400001525878906,48.43000030517578,49.29999923706055,49.0,2214400.0,41.75825119018555
2015-05-04,49.439998626708984,48.939998626708984,49.2599983215332,49.220001220703125,2376500.0,41.94573974609375
2015-05-05,49.810001373291016,48.7599983215332,49.38999938964844,48.900001525878906,1763400.0,41.673030853271484
2015-05-06,49.43000030517578,48.40999984741211,49.15999984741211,48.59000015258789,1847800.0,41.40884780883789
2015-05-07,48.72999954223633,47.83000183105469,48.2599983215332,48.65999984741211,1235200.0,41.46851348876953
2015-05-08,49.38999938964844,48.84000015258789,49.310001373291016,48.900001525878906,1719100.0,41.673030853271484
2015-05-11,49.130001068115234,48.650001525878906,49.0,48.93000030517578,1600600.0,41.698604583740234
2015-05-12,48.959999084472656,48.31999969482422,48.88999938964844,48.33000183105469,1890600.0,41.18727493286133
2015-05-13,49.06999969482422,48.45000076293945,48.52000045776367,48.7599983215332,1448700.0,41.55372619628906
2015-05-14,49.650001525878906,49.04999923706055,49.22999954223633,49.599998474121094,2588300.0,42.26957702636719
2015-05-15,49.779998779296875,49.25,49.63999938964844,49.31999969482422,1237500.0,42.03096389770508
2015-05-18,49.33000183105469,48.79999923706055,49.099998474121094,49.04999923706055,1177900.0,41.80085372924805
2015-05-19,48.93000030517578,47.7400016784668,48.79999923706055,47.95000076293945,1955800.0,40.86343002319336
2015-05-20,48.279998779296875,47.70000076293945,47.810001373291016,48.060001373291016,1278200.0,40.957176208496094
2015-05-21,48.209999084472656,47.52000045776367,48.13999938964844,47.77000045776367,1355600.0,40.71003341674805
2015-05-22,48.34000015258789,47.20000076293945,47.720001220703125,48.099998474121094,1752100.0,40.99126052856445
2015-05-26,47.95000076293945,47.0099983215332,47.880001068115234,47.189998626708984,1337400.0,40.21575164794922
2015-05-27,47.900001525878906,47.06999969482422,47.150001525878906,47.810001373291016,1337600.0,40.74412155151367
2015-05-28,47.630001068115234,47.209999084472656,47.47999954223633,47.58000183105469,961000.0,40.54812240600586
2015-05-29,47.7400016784668,47.290000915527344,47.470001220703125,47.29999923706055,1451600.0,40.30949401855469
2015-06-01,48.0,47.0,47.58000183105469,47.59000015258789,1721400.0,40.55662536621094
2015-06-02,49.59000015258789,47.619998931884766,47.75,49.40999984741211,3087700.0,42.107662200927734
2015-06-03,50.70000076293945,49.27000045776367,49.349998474121094,49.77000045776367,3568000.0,42.414451599121094
2015-06-04,49.79999923706055,48.779998779296875,49.34000015258789,49.060001373291016,1668100.0,41.809383392333984
2015-06-05,49.25,48.66999816894531,49.08000183105469,48.91999816894531,1155000.0,41.69007110595703
2015-06-08,49.15999984741211,48.400001525878906,48.869998931884766,48.52000045776367,1590900.0,41.349178314208984
2015-06-09,48.83000183105469,48.290000915527344,48.59000015258789,48.310001373291016,1335900.0,41.170230865478516
2015-06-10,49.119998931884766,48.66999816894531,48.869998931884766,48.900001525878906,1252600.0,41.673030853271484
2015-06-11,49.20000076293945,48.59000015258789,48.72999954223633,48.900001525878906,1159300.0,41.673030853271484
2015-06-12,48.790000915527344,48.0099983215332,48.709999084472656,48.59000015258789,1159700.0,41.40884780883789
2015-06-15,48.119998931884766,47.41999816894531,48.119998931884766,47.5,1420000.0,40.47992706298828
2015-06-16,48.16999816894531,47.20000076293945,47.33000183105469,48.09000015258789,1174100.0,40.98274612426758
2015-06-17,48.380001068115234,47.5,48.2400016784668,48.119998931884766,860900.0,41.00830841064453
2015-06-18,48.060001373291016,47.13999938964844,47.16999816894531,47.84000015258789,2501600.0,40.76968765258789
2015-06-19,47.93000030517578,47.33000183105469,47.599998474121094,47.5,2100800.0,40.47992706298828
2015-06-22,48.0,47.02000045776367,47.5,47.16999816894531,1820100.0,40.19870376586914
2015-06-23,48.189998626708984,47.060001373291016,47.31999969482422,48.099998474121094,1547200.0,40.99126052856445
2015-06-24,48.27000045776367,47.380001068115234,48.029998779296875,47.43000030517578,1445800.0,40.42028045654297
2015-06-25,48.04999923706055,47.2599983215332,47.5,47.29999923706055,1435000.0,40.30949401855469
2015-06-26,47.38999938964844,46.20000076293945,46.939998626708984,46.25,2456500.0,39.727970123291016
2015-06-29,46.31999969482422,44.93000030517578,45.90999984741211,45.0099983215332,1996100.0,38.662837982177734
2015-06-30,45.459999084472656,43.90999984741211,45.40999984741211,44.06999969482422,2663900.0,37.85538864135742
2015-07-01,44.88999938964844,44.20000076293945,44.349998474121094,44.4900016784668,2210800.0,38.21615982055664
2015-07-02,44.65999984741211,43.66999816894531,44.4900016784668,44.25,1968100.0,38.01000213623047
2015-07-06,44.34000015258789,43.310001373291016,43.599998474121094,43.63999938964844,1721700.0,37.48601531982422
2015-07-07,44.25,42.2400016784668,43.2599983215332,44.11000061035156,3237100.0,37.889739990234375
2015-07-08,43.79999923706055,42.75,43.779998779296875,42.79999923706055,1922200.0,36.764469146728516
2015-07-09,43.689998626708984,42.959999084472656,43.470001220703125,42.959999084472656,1588500.0,36.90190505981445
2015-07-10,43.79999923706055,43.27000045776367,43.459999084472656,43.349998474121094,1264900.0,37.236907958984375
2015-07-13,44.38999938964844,43.29999923706055,43.77000045776367,44.150001525878906,1590700.0,37.924110412597656
2015-07-14,44.310001373291016,43.689998626708984,43.95000076293945,44.18000030517578,1060300.0,37.949867248535156
2015-07-15,44.18000030517578,43.220001220703125,44.18000030517578,43.52000045776367,1435100.0,37.382938385009766
2015-07-16,43.939998626708984,43.099998474121094,43.939998626708984,43.2599983215332,1591800.0,37.15959548950195
2015-07-17,43.31999969482422,42.5,43.099998474121094,42.689998626708984,1898200.0,36.66997528076172
2015-07-20,42.70000076293945,42.09000015258789,42.65999984741211,42.18000030517578,1876000.0,36.231895446777344
2015-07-21,43.2599983215332,42.150001525878906,42.150001525878906,42.58000183105469,2949000.0,36.575496673583984
2015-07-22,42.47999954223633,41.459999084472656,42.06999969482422,42.18000030517578,3162200.0,36.231895446777344
2015-07-23,43.970001220703125,42.5,42.540000915527344,43.4900016784668,3993200.0,37.3571662902832
2015-07-24,43.560001373291016,42.45000076293945,43.45000076293945,42.63999938964844,3379400.0,36.62702560424805
2015-07-27,44.290000915527344,42.25,42.45000076293945,43.79999923706055,4301200.0,37.62345504760742
2015-07-28,44.83000183105469,44.0099983215332,44.40999984741211,44.5,3862200.0,38.224754333496094
2015-07-29,45.5099983215332,44.47999954223633,44.630001068115234,45.439998626708984,3012900.0,39.032188415527344
2015-07-30,45.7599983215332,44.43000030517578,45.400001525878906,44.849998474121094,2509400.0,38.525386810302734
2015-07-31,45.31999969482422,44.0099983215332,45.18000030517578,44.13999938964844,3127000.0,37.91550827026367
2015-08-03,44.54999923706055,43.54999923706055,44.0099983215332,44.529998779296875,1796600.0,38.25051498413086
2015-08-04,45.08000183105469,44.54999923706055,44.7599983215332,44.9900016784668,1878700.0,38.64564895629883
2015-08-05,46.15999984741211,45.29999923706055,45.29999923706055,45.4900016784668,2220700.0,39.07514572143555
2015-08-06,45.97999954223633,45.290000915527344,45.439998626708984,45.70000076293945,2016800.0,39.25552749633789
2015-08-07,46.08000183105469,44.97999954223633,45.439998626708984,45.13999938964844,2321900.0,38.77448654174805
2015-08-10,46.709999084472656,44.91999816894531,45.29999923706055,46.689998626708984,2237400.0,40.105918884277344
2015-08-11,45.90999984741211,45.09000015258789,45.61000061035156,45.279998779296875,2386600.0,38.89474868774414
2015-08-12,44.970001220703125,43.84000015258789,44.88999938964844,44.7400016784668,2084500.0,38.43090057373047
2015-08-13,45.5,44.369998931884766,44.56999969482422,45.459999084472656,2025400.0,39.049373626708984
2015-08-14,46.4900016784668,45.36000061035156,45.47999954223633,46.310001373291016,2140600.0,39.77949905395508
2015-08-17,47.0,45.83000183105469,46.060001373291016,46.959999084472656,2082000.0,40.33783721923828
2015-08-18,46.93000030517578,46.29999923706055,46.70000076293945,46.459999084472656,1252300.0,39.90834045410156
2015-08-19,46.470001220703125,45.75,46.150001525878906,46.04999923706055,1742700.0,39.55617141723633
2015-08-20,46.130001068115234,44.720001220703125,46.06999969482422,44.810001373291016,2091800.0,38.491031646728516
2015-08-21,44.5,43.34000015258789,44.5,43.34000015258789,2745600.0,37.22832489013672
2015-08-24,43.279998779296875,40.79999923706055,41.150001525878906,41.439998626708984,3463200.0,35.59626007080078
2015-08-25,42.900001525878906,40.5099983215332,42.66999816894531,40.540000915527344,2862900.0,34.82316970825195
2015-08-26,41.63999938964844,40.630001068115234,41.5,41.58000183105469,3003600.0,35.71651077270508
2015-08-27,43.220001220703125,42.189998626708984,42.22999954223633,43.130001068115234,3527300.0,37.047935485839844
2015-08-28,43.619998931884766,42.2400016784668,42.970001220703125,43.310001373291016,2247100.0,37.20255661010742
2015-08-31,43.41999816894531,42.54999923706055,43.0099983215332,43.290000915527344,2322600.0,37.18537521362305
2015-09-01,42.86000061035156,41.66999816894531,42.04999923706055,42.029998779296875,2086800.0,36.103050231933594
2015-09-02,42.849998474121094,42.11000061035156,42.779998779296875,42.79999923706055,1547900.0,36.764469146728516
2015-09-03,44.540000915527344,42.86000061035156,43.33000183105469,42.880001068115234,4095200.0,36.83318328857422
2015-09-04,42.56999969482422,41.599998474121094,42.4900016784668,41.66999816894531,3412800.0,35.7938117980957
2015-09-08,43.029998779296875,41.77000045776367,43.029998779296875,42.560001373291016,5456400.0,36.55832290649414
2015-09-09,43.36000061035156,41.5,43.310001373291016,41.54999923706055,4897200.0,35.69074630737305
2015-09-10,42.33000183105469,41.459999084472656,41.5099983215332,41.83000183105469,3109300.0,35.93125534057617
2015-09-11,42.119998931884766,41.56999969482422,41.79999923706055,42.119998931884766,1506000.0,36.180362701416016
2015-09-14,42.0,40.5,41.95000076293945,40.72999954223633,2430500.0,34.98637771606445
2015-09-15,41.029998779296875,40.45000076293945,40.810001373291016,40.900001525878906,2518300.0,35.13240432739258
2015-09-16,42.189998626708984,41.27000045776367,41.400001525878906,41.63999938964844,2401200.0,35.76804733276367
2015-09-17,42.20000076293945,41.130001068115234,41.59000015258789,41.349998474121094,2127100.0,35.51893997192383
2015-09-18,40.86000061035156,40.02000045776367,40.7599983215332,40.25,2948100.0,34.574073791503906
2015-09-21,40.59000015258789,39.86000061035156,40.400001525878906,40.290000915527344,2433300.0,34.60842514038086
2015-09-22,39.779998779296875,38.72999954223633,39.4900016784668,39.130001068115234,2466500.0,33.61200714111328
2015-09-23,39.400001525878906,38.36000061035156,39.31999969482422,38.459999084472656,1917800.0,33.03648376464844
2015-09-24,38.849998474121094,37.97999954223633,38.16999816894531,38.630001068115234,4602900.0,33.18251037597656
2015-09-25,39.25,38.279998779296875,39.060001373291016,38.5099983215332,2732600.0,33.079429626464844
2015-09-28,37.77000045776367,36.7599983215332,37.72999954223633,37.0,3336400.0,32.093223571777344
2015-09-29,37.56999969482422,36.77000045776367,37.15999984741211,37.15999984741211,3106500.0,32.23200225830078
2015-09-30,37.880001068115234,37.02000045776367,37.709999084472656,37.54999923706055,2384400.0,32.570274353027344
2015-10-01,38.08000183105469,37.2400016784668,37.810001373291016,37.61000061035156,2791100.0,32.62232208251953
2015-10-02,38.09000015258789,36.970001220703125,37.290000915527344,38.0,3756800.0,32.960609436035156
2015-10-05,39.88999938964844,38.68000030517578,38.720001220703125,39.81999969482422,3402400.0,34.539241790771484
2015-10-06,40.040000915527344,38.970001220703125,39.900001525878906,39.91999816894531,4242300.0,34.62598419189453
2015-10-07,41.099998474121094,39.31999969482422,40.650001525878906,40.58000183105469,3091600.0,35.198455810546875
2015-10-08,41.470001220703125,40.38999938964844,40.459999084472656,41.2599983215332,2037200.0,35.78827667236328
2015-10-09,41.939998626708984,41.130001068115234,41.5,41.470001220703125,1751500.0,35.970428466796875
2015-10-12,41.61000061035156,40.95000076293945,41.61000061035156,41.279998779296875,1586200.0,35.805625915527344
2015-10-13,42.0,40.619998931884766,40.790000915527344,41.529998779296875,1786500.0,36.0224723815918
2015-10-14,42.08000183105469,41.209999084472656,41.75,41.529998779296875,1680700.0,36.0224723815918
2015-10-15,42.20000076293945,41.43000030517578,41.7599983215332,42.18000030517578,1559800.0,36.586265563964844
2015-10-16,42.400001525878906,41.619998931884766,42.400001525878906,42.15999984741211,2052200.0,36.56892395019531
2015-10-19,41.849998474121094,40.83000183105469,41.779998779296875,41.13999938964844,1748100.0,35.68418502807617
2015-10-20,41.45000076293945,40.650001525878906,40.83000183105469,40.880001068115234,1914200.0,35.458675384521484
2015-10-21,41.279998779296875,40.209999084472656,40.97999954223633,40.29999923706055,2257000.0,34.955589294433594
2015-10-22,42.79999923706055,40.38999938964844,40.540000915527344,42.599998474121094,2563100.0,36.950565338134766
2015-10-23,43.709999084472656,42.75,43.0099983215332,43.5,2757700.0,37.73122024536133
2015-10-26,43.439998626708984,42.279998779296875,43.20000076293945,42.380001068115234,1720700.0,36.75973892211914
2015-10-27,42.63999938964844,41.84000015258789,42.29999923706055,42.38999938964844,2084800.0,36.76841735839844
2015-10-28,42.959999084472656,42.040000915527344,42.38999938964844,42.650001525878906,2166100.0,36.99394226074219
2015-10-29,42.720001220703125,42.150001525878906,42.29999923706055,42.310001373291016,1930100.0,36.69903564453125
2015-10-30,42.7400016784668,42.209999084472656,42.540000915527344,42.29999923706055,2865600.0,36.69036102294922
2015-11-02,43.93000030517578,42.11000061035156,42.279998779296875,43.540000915527344,2152600.0,37.76591873168945
2015-11-03,43.91999816894531,42.959999084472656,43.4900016784668,43.38999938964844,2974700.0,37.63580322265625
2015-11-04,43.45000076293945,41.939998626708984,43.43000030517578,42.720001220703125,2379000.0,37.054656982421875
2015-11-05,42.7400016784668,42.0099983215332,42.630001068115234,42.279998779296875,1717600.0,36.673004150390625
2015-11-06,42.18000030517578,41.33000183105469,41.86000061035156,42.099998474121094,2032800.0,36.51687240600586
2015-11-09,42.209999084472656,41.29999923706055,42.09000015258789,41.779998779296875,2049300.0,36.23931121826172
2015-11-10,41.779998779296875,41.2599983215332,41.5,41.720001220703125,1631400.0,36.187278747558594
2015-11-11,41.97999954223633,40.900001525878906,41.959999084472656,41.220001220703125,1672600.0,35.75358581542969
2015-11-12,40.54999923706055,39.33000183105469,40.540000915527344,40.11000061035156,3717800.0,34.79077911376953
2015-11-13,41.20000076293945,40.11000061035156,40.119998931884766,40.630001068115234,1619700.0,35.2418327331543
2015-11-16,41.40999984741211,40.45000076293945,40.59000015258789,41.099998474121094,1620500.0,35.64949417114258
2015-11-17,41.22999954223633,40.38999938964844,40.59000015258789,40.540000915527344,1871300.0,35.163753509521484
2015-11-18,42.189998626708984,40.93000030517578,41.0099983215332,42.16999816894531,1700000.0,36.57758712768555
2015-11-19,42.369998931884766,41.68000030517578,42.06999969482422,41.810001373291016,1610500.0,36.265350341796875
2015-11-20,42.29999923706055,41.130001068115234,42.0099983215332,41.31999969482422,1878000.0,35.84031295776367
2015-11-23,41.650001525878906,40.56999969482422,41.25,40.65999984741211,1493600.0,35.267845153808594
2015-11-24,42.2599983215332,40.650001525878906,40.790000915527344,42.15999984741211,3136400.0,36.56892395019531
2015-11-25,42.08000183105469,41.470001220703125,41.939998626708984,41.63999938964844,1512100.0,36.11788558959961
2015-11-27,41.869998931884766,41.27000045776367,41.459999084472656,41.75,624100.0,36.21330261230469
2015-11-30,41.779998779296875,40.93000030517578,41.459999084472656,41.45000076293945,2900300.0,35.953086853027344
2015-12-01,42.209999084472656,41.45000076293945,41.70000076293945,42.15999984741211,1689800.0,36.56892395019531
2015-12-02,41.9900016784668,41.18000030517578,41.7599983215332,41.25,1818200.0,35.77960205078125
2015-12-03,41.560001373291016,40.439998626708984,41.529998779296875,40.880001068115234,1807600.0,35.458675384521484
2015-12-04,41.189998626708984,40.58000183105469,40.91999816894531,41.099998474121094,1751700.0,35.64949417114258
2015-12-07,40.65999984741211,39.77000045776367,40.65999984741211,40.29999923706055,1572300.0,34.955589294433594
2015-12-08,40.279998779296875,39.15999984741211,39.2599983215332,39.459999084472656,2304200.0,34.226993560791016
2015-12-09,40.70000076293945,39.810001373291016,39.91999816894531,40.0,1818100.0,34.695369720458984
2015-12-10,41.45000076293945,39.849998474121094,39.93000030517578,41.029998779296875,2437100.0,35.58877944946289
2015-12-11,40.720001220703125,39.91999816894531,40.41999816894531,39.9900016784668,2512800.0,34.68669891357422
2015-12-14,40.849998474121094,39.880001068115234,40.290000915527344,40.13999938964844,2434600.0,34.81679916381836
2015-12-15,40.58000183105469,39.88999938964844,40.40999984741211,40.16999816894531,2219300.0,34.84281921386719
2015-12-16,39.2599983215332,37.66999816894531,38.45000076293945,38.65999984741211,5216900.0,33.53307342529297
2015-12-17,38.779998779296875,37.7400016784668,38.209999084472656,38.470001220703125,3197100.0,33.368282318115234
2015-12-18,39.189998626708984,38.119998931884766,38.310001373291016,38.869998931884766,5750600.0,33.71522903442383
2015-12-21,39.970001220703125,39.04999923706055,39.209999084472656,39.72999954223633,3213700.0,34.46117401123047
2015-12-22,41.25,39.75,39.779998779296875,41.119998931884766,3209400.0,35.666839599609375
2015-12-23,42.20000076293945,40.66999816894531,41.65999984741211,41.040000915527344,3393400.0,35.59745407104492
2015-12-24,41.27000045776367,40.68000030517578,41.0099983215332,41.06999969482422,624400.0,35.62346267700195
2015-12-28,40.7599983215332,40.02000045776367,40.75,40.619998931884766,1760100.0,35.23314666748047
2015-12-29,40.70000076293945,40.040000915527344,40.58000183105469,40.47999954223633,1539100.0,35.438880920410156
2015-12-30,40.5099983215332,40.099998474121094,40.22999954223633,40.34000015258789,1965100.0,35.316322326660156
2015-12-31,40.7599983215332,40.130001068115234,40.349998474121094,40.29999923706055,1910800.0,35.28130340576172
2016-01-04,40.060001373291016,39.22999954223633,39.63999938964844,39.54999923706055,4029900.0,34.62470245361328
2016-01-05,40.029998779296875,39.459999084472656,39.900001525878906,39.959999084472656,3514500.0,34.983642578125
2016-01-06,39.709999084472656,39.099998474121094,39.220001220703125,39.36000061035156,1631000.0,34.4583625793457
2016-01-07,38.61000061035156,36.9900016784668,38.59000015258789,37.349998474121094,5617100.0,32.69867706298828
2016-01-08,37.75,36.36000061035156,37.459999084472656,36.439998626708984,3400900.0,31.902000427246094
2016-01-11,36.81999969482422,35.79999923706055,36.7400016784668,36.13999938964844,3334300.0,31.639366149902344
2016-01-12,36.849998474121094,35.439998626708984,36.45000076293945,36.290000915527344,4248900.0,31.77068328857422
2016-01-13,37.06999969482422,35.54999923706055,36.61000061035156,35.619998931884766,3481100.0,31.184120178222656
2016-01-14,36.59000015258789,35.5,35.880001068115234,36.220001220703125,3819000.0,31.709392547607422
2016-01-15,35.540000915527344,34.720001220703125,35.279998779296875,35.150001525878906,3362300.0,30.77264976501465
2016-01-19,35.900001525878906,34.7400016784668,35.790000915527344,35.27000045776367,3265500.0,30.877702713012695
2016-01-20,35.400001525878906,33.900001525878906,34.61000061035156,34.97999954223633,3579000.0,30.623817443847656
2016-01-21,35.58000183105469,34.70000076293945,34.95000076293945,35.0099983215332,2826100.0,30.650083541870117
2016-01-22,35.86000061035156,35.02000045776367,35.63999938964844,35.36000061035156,2836000.0,30.95649528503418
2016-01-25,35.58000183105469,34.81999969482422,35.27000045776367,34.86000061035156,2326500.0,30.518766403198242
2016-01-26,36.880001068115234,35.25,35.33000183105469,36.540000915527344,3707000.0,31.989553451538086
2016-01-27,36.630001068115234,35.56999969482422,35.95000076293945,35.70000076293945,3327200.0,31.254152297973633
2016-01-28,37.0,34.900001525878906,37.0,36.63999938964844,3970000.0,32.07709884643555
2016-01-29,39.11000061035156,36.63999938964844,36.709999084472656,39.06999969482422,6027800.0,34.2044677734375
2016-02-01,39.22999954223633,38.0,38.709999084472656,39.18000030517578,3355800.0,34.300785064697266
2016-02-02,38.7599983215332,38.18000030517578,38.66999816894531,38.4900016784668,2949000.0,33.69670486450195
2016-02-03,40.0099983215332,38.470001220703125,38.97999954223633,39.90999984741211,2839600.0,34.93986892700195
2016-02-04,41.15999984741211,40.099998474121094,40.33000183105469,40.470001220703125,2907700.0,35.430137634277344
2016-02-05,41.2400016784668,39.66999816894531,40.13999938964844,39.91999816894531,2782700.0,34.94862365722656
2016-02-08,39.970001220703125,39.11000061035156,39.869998931884766,39.38999938964844,2598000.0,34.484622955322266
2016-02-09,39.380001068115234,38.290000915527344,38.91999816894531,38.90999984741211,2720300.0,34.06440734863281
2016-02-10,39.939998626708984,38.75,38.9900016784668,38.95000076293945,1624300.0,34.099430084228516
2016-02-11,38.689998626708984,37.709999084472656,38.5099983215332,38.349998474121094,2095000.0,33.574134826660156
2016-02-12,40.060001373291016,38.63999938964844,39.189998626708984,40.029998779296875,2540800.0,35.044925689697266
2016-02-16,40.5,39.650001525878906,40.22999954223633,40.18000030517578,2450500.0,35.176246643066406
2016-02-17,41.08000183105469,40.45000076293945,40.54999923706055,40.7599983215332,2614200.0,35.684017181396484
2016-02-18,40.83000183105469,39.83000183105469,40.720001220703125,40.029998779296875,2544100.0,35.044925689697266
2016-02-19,39.869998931884766,39.11000061035156,39.86000061035156,39.38999938964844,2708700.0,34.484622955322266
2016-02-22,40.099998474121094,39.560001373291016,39.849998474121094,39.7599983215332,2662400.0,34.80854797363281
2016-02-23,39.560001373291016,38.880001068115234,39.369998931884766,38.900001525878906,2096400.0,34.05564880371094
2016-02-24,39.060001373291016,37.77000045776367,38.2599983215332,39.02000045776367,2957700.0,34.16069793701172
2016-02-25,39.75,38.790000915527344,38.939998626708984,39.75,2162100.0,34.79979705810547
2016-02-26,40.41999816894531,39.70000076293945,39.91999816894531,39.959999084472656,1851300.0,34.983642578125
2016-02-29,39.900001525878906,39.08000183105469,39.310001373291016,39.34000015258789,2816900.0,34.44085693359375
2016-03-01,41.20000076293945,39.619998931884766,39.959999084472656,40.959999084472656,2172400.0,35.85911560058594
2016-03-02,42.310001373291016,41.209999084472656,41.349998474121094,42.2400016784668,2974300.0,36.979705810546875
2016-03-03,43.209999084472656,42.13999938964844,42.290000915527344,42.75,3967300.0,37.426204681396484
2016-03-04,43.84000015258789,42.20000076293945,42.95000076293945,42.959999084472656,3442800.0,37.610042572021484
2016-03-07,44.77000045776367,43.0,43.15999984741211,44.7599983215332,3646300.0,39.18587875366211
2016-03-08,44.95000076293945,44.040000915527344,44.13999938964844,44.31999969482422,3750100.0,38.80067825317383
2016-03-09,44.779998779296875,43.279998779296875,44.470001220703125,43.540000915527344,2827700.0,38.11781692504883
2016-03-10,45.06999969482422,43.459999084472656,43.599998474121094,44.9900016784668,2733700.0,39.38724136352539
2016-03-11,45.439998626708984,44.279998779296875,45.36000061035156,45.380001068115234,2944200.0,39.72867202758789
2016-03-14,45.650001525878906,44.689998626708984,45.040000915527344,45.150001525878906,2380300.0,39.52731704711914
2016-03-15,45.4900016784668,44.38999938964844,44.72999954223633,45.04999923706055,2126300.0,39.43976974487305
2016-03-16,45.61000061035156,44.4900016784668,44.720001220703125,45.4900016784668,3249400.0,39.824974060058594
2016-03-17,46.7599983215332,45.25,45.86000061035156,46.650001525878906,3108100.0,40.840518951416016
2016-03-18,47.36000061035156,46.34000015258789,46.7599983215332,46.70000076293945,3119200.0,40.8842887878418
2016-03-21,46.689998626708984,45.86000061035156,46.56999969482422,46.40999984741211,1804800.0,40.630401611328125
2016-03-22,46.86000061035156,45.90999984741211,45.93000030517578,46.59000015258789,1970300.0,40.78798294067383
2016-03-23,46.66999816894531,45.880001068115234,46.09000015258789,46.04999923706055,2518500.0,40.31523895263672
2016-03-24,46.540000915527344,45.52000045776367,45.560001373291016,46.47999954223633,1995700.0,40.691688537597656
2016-03-28,47.189998626708984,46.209999084472656,46.560001373291016,46.86000061035156,2637000.0,41.02436065673828
2016-03-29,47.27000045776367,45.959999084472656,46.27000045776367,47.2400016784668,2679600.0,41.690670013427734
2016-03-30,48.52000045776367,47.25,47.56999969482422,48.310001373291016,4989200.0,42.634979248046875
2016-03-31,48.189998626708984,47.2599983215332,48.18000030517578,47.29999923706055,3988300.0,41.743629455566406
2016-04-01,47.58000183105469,46.720001220703125,46.83000183105469,47.52000045776367,2414800.0,41.937782287597656
2016-04-04,47.779998779296875,46.599998474121094,47.40999984741211,46.68000030517578,2356200.0,41.196449279785156
2016-04-05,47.06999969482422,46.5,46.5,46.779998779296875,2049000.0,41.284706115722656
2016-04-06,47.25,46.36000061035156,46.84000015258789,47.220001220703125,1715100.0,41.67301940917969
2016-04-07,46.9900016784668,46.22999954223633,46.779998779296875,46.560001373291016,2165000.0,41.09055709838867
2016-04-08,47.75,47.02000045776367,47.130001068115234,47.290000915527344,2074000.0,41.73479461669922
2016-04-11,48.310001373291016,47.56999969482422,47.61000061035156,47.66999816894531,2827400.0,42.070159912109375
2016-04-12,48.400001525878906,47.54999923706055,48.040000915527344,48.09000015258789,2640600.0,42.440826416015625
2016-04-13,49.5,48.5,48.7400016784668,49.09000015258789,2846600.0,43.32334518432617
2016-04-14,49.369998931884766,48.83000183105469,49.189998626708984,49.310001373291016,2066900.0,43.51750946044922
2016-04-15,49.560001373291016,48.93000030517578,49.209999084472656,49.5099983215332,2167600.0,43.69401931762695
2016-04-18,49.939998626708984,49.22999954223633,49.349998474121094,49.86000061035156,2279700.0,44.002899169921875
2016-04-19,50.779998779296875,50.0,50.13999938964844,50.459999084472656,2894800.0,44.53241729736328
2016-04-20,50.720001220703125,49.790000915527344,50.61000061035156,50.279998779296875,2870600.0,44.373565673828125
2016-04-21,50.13999938964844,48.59000015258789,49.959999084472656,49.5,2591700.0,43.685184478759766
2016-04-22,50.150001525878906,49.150001525878906,49.150001525878906,49.54999923706055,2315900.0,43.729312896728516
2016-04-25,49.65999984741211,48.83000183105469,49.25,49.119998931884766,2533600.0,43.349830627441406
2016-04-26,49.599998474121094,48.650001525878906,49.43000030517578,49.5099983215332,3139900.0,43.69401931762695
2016-04-27,50.65999984741211,48.91999816894531,49.61000061035156,50.61000061035156,2255600.0,44.664798736572266
2016-04-28,51.099998474121094,49.79999923706055,50.310001373291016,49.939998626708984,2601000.0,44.07350540161133
2016-04-29,50.40999984741211,49.380001068115234,49.959999084472656,49.779998779296875,5645600.0,43.93229293823242
2016-05-02,50.400001525878906,49.41999816894531,49.7400016784668,50.29999923706055,2266000.0,44.391197204589844
2016-05-03,49.529998779296875,48.29999923706055,49.439998626708984,48.72999954223633,3838300.0,43.005638122558594
2016-05-04,49.04999923706055,47.81999969482422,48.290000915527344,48.5,3936600.0,42.80265426635742
2016-05-05,49.040000915527344,48.11000061035156,48.72999954223633,48.459999084472656,2480200.0,42.76735305786133
2016-05-06,48.959999084472656,47.880001068115234,48.40999984741211,48.849998474121094,2085000.0,43.111541748046875
2016-05-09,48.130001068115234,46.45000076293945,47.88999938964844,46.47999954223633,3288400.0,41.01995849609375
2016-05-10,47.959999084472656,46.56999969482422,46.7599983215332,47.91999816894531,2705100.0,42.290794372558594
2016-05-11,48.560001373291016,47.529998779296875,47.97999954223633,47.61000061035156,1917400.0,42.017215728759766
2016-05-12,48.18000030517578,47.220001220703125,47.97999954223633,47.439998626708984,2086500.0,41.86717987060547
2016-05-13,47.59000015258789,46.86000061035156,47.279998779296875,47.060001373291016,2309300.0,41.531822204589844
2016-05-16,48.29999923706055,47.290000915527344,47.290000915527344,47.810001373291016,2028600.0,42.19371032714844
2016-05-17,47.810001373291016,46.34000015258789,47.63999938964844,46.560001373291016,3935900.0,41.09055709838867
2016-05-18,46.97999954223633,45.650001525878906,46.2599983215332,45.86000061035156,1903900.0,40.4727783203125
2016-05-19,46.65999984741211,45.31999969482422,45.45000076293945,46.540000915527344,2335000.0,41.072898864746094
2016-05-20,46.97999954223633,46.369998931884766,46.880001068115234,46.529998779296875,1701200.0,41.06407928466797
2016-05-23,47.15999984741211,46.029998779296875,46.22999954223633,46.83000183105469,1794700.0,41.32883834838867
2016-05-24,47.369998931884766,46.810001373291016,47.099998474121094,47.15999984741211,1911800.0,41.62006759643555
2016-05-25,48.529998779296875,47.13999938964844,47.380001068115234,48.38999938964844,2372900.0,42.70558547973633
2016-05-26,49.54999923706055,48.33000183105469,49.22999954223633,48.5099983215332,1939200.0,42.81147766113281
2016-05-27,48.65999984741211,47.689998626708984,48.41999816894531,48.38999938964844,2704000.0,42.70558547973633
2016-05-31,49.029998779296875,48.130001068115234,48.61000061035156,48.5099983215332,2357000.0,42.81147766113281
2016-06-01,48.880001068115234,47.90999984741211,48.06999969482422,48.79999923706055,1866900.0,43.06741714477539
2016-06-02,49.15999984741211,48.38999938964844,48.52000045776367,49.15999984741211,1868700.0,43.38512420654297
2016-06-03,49.90999984741211,48.880001068115234,49.31999969482422,49.880001068115234,2626000.0,44.02054977416992
2016-06-06,50.5,49.79999923706055,49.88999938964844,50.41999816894531,2112400.0,44.49711227416992
2016-06-07,50.650001525878906,50.130001068115234,50.2599983215332,50.369998931884766,2119400.0,44.45298767089844
2016-06-08,51.9900016784668,50.939998626708984,50.97999954223633,51.7599983215332,3064200.0,45.67970657348633
2016-06-09,51.220001220703125,50.36000061035156,51.18000030517578,50.54999923706055,2969300.0,44.61184310913086
2016-06-10,50.849998474121094,50.02000045776367,50.18000030517578,50.5,2523700.0,44.56772232055664
2016-06-13,50.849998474121094,49.970001220703125,50.72999954223633,49.97999954223633,2977800.0,44.10880661010742
2016-06-14,50.2599983215332,49.20000076293945,50.099998474121094,49.52000045776367,1895600.0,43.70283889770508
2016-06-15,50.65999984741211,49.63999938964844,50.150001525878906,50.45000076293945,3197400.0,44.523582458496094
2016-06-16,50.689998626708984,49.810001373291016,50.099998474121094,50.650001525878906,2178400.0,44.70010757446289
2016-06-17,51.13999938964844,50.220001220703125,50.810001373291016,50.349998474121094,3038400.0,44.435340881347656
2016-06-20,51.849998474121094,51.06999969482422,51.150001525878906,51.29999923706055,2320000.0,45.273738861083984
2016-06-21,51.27000045776367,49.66999816894531,51.2599983215332,49.9900016784668,3880700.0,44.11762619018555
2016-06-22,50.47999954223633,49.40999984741211,50.34000015258789,49.56999969482422,3564800.0,43.74696731567383
2016-06-23,50.5,49.5099983215332,50.290000915527344,50.5,3166000.0,44.56772232055664
2016-06-24,49.33000183105469,47.709999084472656,48.709999084472656,47.869998931884766,4073900.0,42.246665954589844
2016-06-27,47.5,46.099998474121094,47.40999984741211,46.310001373291016,3236000.0,40.86992263793945
2016-06-28,47.4900016784668,46.45000076293945,46.68000030517578,47.33000183105469,3246900.0,42.11110305786133
2016-06-29,48.2400016784668,47.81999969482422,47.91999816894531,47.91999816894531,2676400.0,42.63603973388672
2016-06-30,49.40999984741211,48.08000183105469,48.2599983215332,49.40999984741211,2364000.0,43.96174621582031
2016-07-01,50.33000183105469,49.290000915527344,49.34000015258789,49.970001220703125,2516500.0,44.45999526977539
2016-07-05,49.86000061035156,48.689998626708984,49.709999084472656,48.959999084472656,3385500.0,43.56136703491211
2016-07-06,51.11000061035156,49.15999984741211,49.22999954223633,51.08000183105469,4712300.0,45.44759750366211
2016-07-07,51.7599983215332,50.95000076293945,51.040000915527344,51.5099983215332,3398900.0,45.830177307128906
2016-07-08,53.31999969482422,51.880001068115234,52.0,53.189998626708984,3674100.0,47.32493591308594
2016-07-11,54.5,53.5,53.5,54.459999084472656,3465200.0,48.454898834228516
2016-07-12,56.630001068115234,55.16999816894531,55.25,56.34000015258789,5238200.0,50.12759780883789
2016-07-13,56.84000015258789,55.56999969482422,56.61000061035156,56.41999816894531,3009700.0,50.19878005981445
2016-07-14,57.08000183105469,56.18000030517578,56.630001068115234,56.790000915527344,2563200.0,50.52798843383789
2016-07-15,56.9900016784668,56.310001373291016,56.720001220703125,56.66999816894531,3015200.0,50.421207427978516
2016-07-18,56.90999984741211,56.209999084472656,56.45000076293945,56.900001525878906,2133100.0,50.625850677490234
2016-07-19,56.45000076293945,54.90999984741211,56.130001068115234,55.709999084472656,4326600.0,49.56706237792969
2016-07-20,54.540000915527344,53.5099983215332,54.47999954223633,54.09000015258789,5542300.0,48.125701904296875
2016-07-21,54.47999954223633,52.06999969482422,54.18000030517578,52.31999969482422,4505500.0,46.550872802734375
2016-07-22,52.959999084472656,52.119998931884766,52.189998626708984,52.720001220703125,2618200.0,46.906761169433594
2016-07-25,52.91999816894531,52.060001373291016,52.619998931884766,52.38999938964844,2213300.0,46.613155364990234
2016-07-26,53.72999954223633,52.400001525878906,52.400001525878906,53.709999084472656,2614800.0,47.78759765625
2016-07-27,54.34000015258789,53.0,54.11000061035156,53.459999084472656,2748500.0,47.565162658691406
2016-07-28,53.91999816894531,53.04999923706055,53.5,53.810001373291016,3221400.0,47.8765754699707
2016-07-29,54.0,53.209999084472656,53.70000076293945,53.63999938964844,2392200.0,47.72532272338867
2016-08-01,53.75,52.959999084472656,53.63999938964844,53.279998779296875,2156700.0,47.40501403808594
2016-08-02,53.290000915527344,52.52000045776367,53.18000030517578,53.0,2170400.0,47.15589141845703
2016-08-03,53.529998779296875,52.70000076293945,52.84000015258789,53.5099983215332,1836200.0,47.60965347290039
2016-08-04,53.619998931884766,52.90999984741211,53.40999984741211,53.29999923706055,1723700.0,47.42280960083008
2016-08-05,53.56999969482422,53.13999938964844,53.34000015258789,53.54999923706055,1194000.0,47.645240783691406
2016-08-08,53.709999084472656,53.029998779296875,53.709999084472656,53.5099983215332,1848400.0,47.60965347290039
2016-08-09,53.25,52.70000076293945,53.220001220703125,52.790000915527344,1507800.0,46.969051361083984
2016-08-10,53.0,52.29999923706055,52.91999816894531,52.349998474121094,2846400.0,46.57756042480469
2016-08-11,52.79999923706055,52.0,52.56999969482422,52.349998474121094,2516500.0,46.57756042480469
2016-08-12,52.189998626708984,50.59000015258789,52.099998474121094,50.689998626708984,3193900.0,45.10060501098633
2016-08-15,51.880001068115234,50.619998931884766,50.97999954223633,51.56999969482422,2446400.0,45.88357162475586
2016-08-16,51.869998931884766,50.72999954223633,51.70000076293945,50.72999954223633,1722400.0,45.13619613647461
2016-08-17,50.75,50.279998779296875,50.54999923706055,50.52000045776367,2378500.0,44.9493522644043
2016-08-18,51.0,50.290000915527344,50.75,50.939998626708984,1789400.0,45.32304000854492
2016-08-19,50.599998474121094,49.91999816894531,50.41999816894531,50.04999923706055,3070800.0,44.53117752075195
2016-08-22,50.33000183105469,49.61000061035156,49.63999938964844,50.310001373291016,1594700.0,44.762508392333984
2016-08-23,50.97999954223633,49.959999084472656,50.650001525878906,50.029998779296875,2108300.0,44.51338195800781
2016-08-24,49.880001068115234,48.869998931884766,49.84000015258789,48.93000030517578,2446900.0,43.53466796875
2016-08-25,49.439998626708984,48.70000076293945,48.91999816894531,48.88999938964844,2315100.0,43.499088287353516
2016-08-26,49.88999938964844,48.59000015258789,49.22999954223633,48.689998626708984,1819000.0,43.321136474609375
2016-08-29,49.58000183105469,48.630001068115234,48.630001068115234,49.439998626708984,1847000.0,43.98844528198242
2016-08-30,49.439998626708984,48.459999084472656,49.439998626708984,48.599998474121094,2824300.0,43.241058349609375
2016-08-31,48.72999954223633,48.18000030517578,48.34000015258789,48.5099983215332,3143700.0,43.160980224609375
2016-09-01,49.470001220703125,48.5099983215332,48.599998474121094,49.29999923706055,2700600.0,43.86387634277344
2016-09-02,50.34000015258789,48.77000045776367,49.779998779296875,49.029998779296875,2427600.0,43.623653411865234
2016-09-06,49.68000030517578,48.7400016784668,49.119998931884766,49.58000183105469,2263800.0,44.11300277709961
2016-09-07,49.970001220703125,49.130001068115234,49.29999923706055,49.970001220703125,2853700.0,44.45999526977539
2016-09-08,49.75,49.0099983215332,49.75,49.04999923706055,1933000.0,43.641441345214844
2016-09-09,48.61000061035156,46.83000183105469,48.59000015258789,46.83000183105469,3693100.0,41.666229248046875
2016-09-12,47.88999938964844,46.060001373291016,46.060001373291016,47.709999084472656,4360500.0,42.44919204711914
2016-09-13,47.130001068115234,45.75,46.9900016784668,46.02000045776367,3451400.0,40.94554901123047
2016-09-14,45.7599983215332,44.810001373291016,45.5,45.349998474121094,4593600.0,40.34942626953125
2016-09-15,45.849998474121094,44.939998626708984,45.27000045776367,45.619998931884766,3029300.0,40.58964920043945
2016-09-16,46.119998931884766,45.18000030517578,45.52000045776367,45.7400016784668,3482500.0,40.69643020629883
2016-09-19,46.459999084472656,45.81999969482422,46.279998779296875,46.0,2460300.0,40.92775344848633
2016-09-20,46.36000061035156,45.900001525878906,46.18000030517578,46.16999816894531,3010100.0,41.07900619506836
2016-09-21,47.900001525878906,46.5,46.5,47.86000061035156,3562500.0,42.58265686035156
2016-09-22,48.91999816894531,47.810001373291016,48.650001525878906,47.869998931884766,2252300.0,42.591552734375
2016-09-23,49.0099983215332,47.54999923706055,47.619998931884766,48.810001373291016,5321500.0,43.42790603637695
2016-09-26,49.189998626708984,48.43000030517578,48.65999984741211,48.91999816894531,3697700.0,43.52577209472656
2016-09-27,49.18000030517578,48.349998474121094,48.599998474121094,49.06999969482422,2447500.0,43.65923309326172
2016-09-28,49.7599983215332,48.93000030517578,49.06999969482422,49.72999954223633,2125300.0,44.58720397949219
2016-09-29,49.970001220703125,48.619998931884766,49.66999816894531,48.86000061035156,2100200.0,43.807167053222656
2016-09-30,49.72999954223633,48.720001220703125,49.04999923706055,49.45000076293945,2745700.0,44.33616256713867
2016-10-03,49.40999984741211,48.540000915527344,49.25,48.81999969482422,3005300.0,43.77130889892578
2016-10-04,48.66999816894531,47.54999923706055,48.54999923706055,47.619998931884766,2642600.0,42.69540786743164
2016-10-05,48.20000076293945,47.66999816894531,48.040000915527344,48.04999923706055,2297300.0,43.0809440612793
2016-10-06,48.209999084472656,47.72999954223633,47.83000183105469,47.959999084472656,2068100.0,43.000240325927734
2016-10-07,48.38999938964844,46.81999969482422,48.209999084472656,47.38999938964844,2361200.0,42.48918914794922
2016-10-10,48.33000183105469,47.63999938964844,47.70000076293945,47.72999954223633,1434100.0,42.79403305053711
2016-10-11,48.060001373291016,47.2400016784668,47.43000030517578,47.400001525878906,2065500.0,42.49814987182617
2016-10-12,47.709999084472656,47.02000045776367,47.459999084472656,47.25,3907200.0,42.363670349121094
2016-10-13,46.7599983215332,45.900001525878906,46.54999923706055,46.540000915527344,3182700.0,41.72709274291992
2016-10-14,47.2599983215332,46.720001220703125,46.880001068115234,46.86000061035156,2096900.0,42.013999938964844
2016-10-17,47.349998474121094,46.790000915527344,46.959999084472656,46.79999923706055,1912200.0,41.96021270751953
2016-10-18,47.459999084472656,46.709999084472656,47.380001068115234,47.150001525878906,3142400.0,42.27401351928711
2016-10-19,48.22999954223633,47.290000915527344,47.369998931884766,48.029998779296875,3102200.0,43.063011169433594
2016-10-20,48.88999938964844,45.29999923706055,47.68000030517578,48.36000061035156,5786600.0,43.35887908935547
2016-10-21,48.209999084472656,47.29999923706055,47.91999816894531,47.869998931884766,3547600.0,42.919551849365234
2016-10-24,48.31999969482422,47.58000183105469,48.310001373291016,47.68000030517578,1812100.0,42.749202728271484
2016-10-25,47.970001220703125,46.86000061035156,47.970001220703125,47.0,2818200.0,42.139522552490234
2016-10-26,47.459999084472656,46.52000045776367,46.959999084472656,47.34000015258789,1857800.0,42.44436264038086
2016-10-27,47.31999969482422,46.61000061035156,47.31999969482422,46.7400016784668,2674100.0,41.90641784667969
2016-10-28,48.29999923706055,46.63999938964844,46.75,47.61000061035156,2717400.0,42.686439514160156
2016-10-31,48.95000076293945,47.68000030517578,47.869998931884766,48.849998474121094,3179000.0,43.79820251464844
2016-11-01,49.290000915527344,47.529998779296875,49.13999938964844,47.83000183105469,3503600.0,42.883689880371094
2016-11-02,48.9900016784668,47.59000015258789,47.59000015258789,48.150001525878906,2752600.0,43.17060470581055
2016-11-03,49.029998779296875,48.22999954223633,48.25,48.779998779296875,2057100.0,43.73544692993164
2016-11-04,50.41999816894531,48.630001068115234,48.7400016784668,49.95000076293945,3393300.0,44.784454345703125
2016-11-07,51.540000915527344,50.790000915527344,50.849998474121094,51.33000183105469,3516600.0,46.02174377441406
2016-11-08,51.939998626708984,50.59000015258789,50.90999984741211,51.369998931884766,1893500.0,46.05760192871094
2016-11-09,58.529998779296875,54.22999954223633,54.22999954223633,57.619998931884766,9065600.0,51.6612663269043
2016-11-10,59.81999969482422,57.40999984741211,57.52000045776367,59.13999938964844,7220700.0,53.02407455444336
2016-11-11,59.58000183105469,57.650001525878906,59.25,58.75,4541100.0,52.674407958984375
2016-11-14,60.09000015258789,59.08000183105469,59.41999816894531,59.599998474121094,4010700.0,53.43649673461914
2016-11-15,60.349998474121094,58.40999984741211,58.599998474121094,60.33000183105469,4270100.0,54.09101486206055
2016-11-16,60.060001373291016,59.25,59.84000015258789,59.849998474121094,3335500.0,53.660648345947266
2016-11-17,60.029998779296875,59.25,59.849998474121094,59.45000076293945,2944100.0,53.3020133972168
2016-11-18,59.56999969482422,58.66999816894531,59.279998779296875,58.84000015258789,3053400.0,52.755096435546875
2016-11-21,59.779998779296875,58.959999084472656,59.400001525878906,59.65999984741211,2120900.0,53.49029541015625
2016-11-22,62.40999984741211,60.209999084472656,60.209999084472656,62.310001373291016,4699300.0,55.866249084472656
2016-11-23,62.66999816894531,61.529998779296875,61.86000061035156,62.5099983215332,2801500.0,56.045562744140625
2016-11-25,62.900001525878906,62.349998474121094,62.75,62.849998474121094,855100.0,56.35040283203125
2016-11-28,62.75,61.61000061035156,62.66999816894531,61.970001220703125,2721500.0,55.5614128112793
2016-11-29,62.02000045776367,59.369998931884766,60.290000915527344,61.630001068115234,3220700.0,55.25657272338867
2016-11-30,63.27000045776367,61.880001068115234,62.470001220703125,62.189998626708984,3445500.0,55.758663177490234
2016-12-01,63.0,61.66999816894531,62.59000015258789,61.95000076293945,2943400.0,55.54348373413086
2016-12-02,63.04999923706055,61.66999816894531,61.91999816894531,63.029998779296875,2059900.0,56.51178741455078
2016-12-05,65.19000244140625,63.939998626708984,64.02999877929688,65.0999984741211,3630900.0,58.36772155761719
2016-12-06,65.63999938964844,64.41999816894531,64.95999908447266,65.58000183105469,2844700.0,58.798095703125
2016-12-07,67.12000274658203,65.66000366210938,65.91000366210938,66.75,3006900.0,59.84709167480469
2016-12-08,68.0,66.26000213623047,67.08999633789062,66.41000366210938,3824900.0,59.542259216308594
2016-12-09,66.37000274658203,64.68000030517578,66.25,65.37000274658203,2949000.0,58.609806060791016
2016-12-12,65.94000244140625,63.88999938964844,65.9000015258789,64.0999984741211,3319400.0,57.471134185791016
2016-12-13,64.8499984741211,63.04999923706055,64.41000366210938,63.43000030517578,3699200.0,56.870426177978516
2016-12-14,64.31999969482422,62.900001525878906,63.29999923706055,63.040000915527344,2942500.0,56.520755767822266
2016-12-15,63.34000015258789,61.0099983215332,61.79999923706055,62.869998931884766,5294400.0,56.36833190917969
2016-12-16,62.779998779296875,60.61000061035156,62.470001220703125,60.650001525878906,7583700.0,54.37792205810547
2016-12-19,61.0,59.630001068115234,60.130001068115234,60.529998779296875,2448700.0,54.270328521728516
2016-12-20,62.380001068115234,60.540000915527344,60.599998474121094,62.119998931884766,2629300.0,55.69589614868164
2016-12-21,62.95000076293945,61.349998474121094,62.13999938964844,62.13999938964844,2254500.0,55.71382522583008
2016-12-22,62.310001373291016,61.459999084472656,61.88999938964844,61.630001068115234,1930800.0,55.25657272338867
2016-12-23,61.619998931884766,61.06999969482422,61.54999923706055,61.4900016784668,1266800.0,55.13105010986328
2016-12-27,62.380001068115234,61.77000045776367,61.90999984741211,61.869998931884766,1439600.0,55.471744537353516
2016-12-28,62.54999923706055,60.869998931884766,62.029998779296875,60.91999816894531,1340700.0,54.955753326416016
2016-12-29,61.47999954223633,60.43000030517578,60.90999984741211,60.93000030517578,1217700.0,54.96477127075195
2016-12-30,61.25,59.38999938964844,61.04999923706055,59.52000045776367,2203400.0,53.69282150268555
2017-01-03,60.869998931884766,59.02000045776367,59.7400016784668,59.61000061035156,3698200.0,53.77400588989258
2017-01-04,61.290000915527344,59.130001068115234,59.7599983215332,61.25,3568600.0,55.25344467163086
2017-01-05,62.599998474121094,60.619998931884766,61.119998931884766,60.900001525878906,3884600.0,54.93770980834961
2017-01-06,61.86000061035156,60.279998779296875,60.880001068115234,60.290000915527344,3057700.0,54.38743209838867
2017-01-09,61.540000915527344,59.52000045776367,60.880001068115234,59.63999938964844,3589700.0,53.80106735229492
2017-01-10,61.470001220703125,59.650001525878906,60.400001525878906,61.220001220703125,3987400.0,55.226383209228516
2017-01-11,61.790000915527344,60.540000915527344,61.45000076293945,61.189998626708984,2085800.0,55.199317932128906
2017-01-12,61.130001068115234,59.970001220703125,60.7599983215332,60.61000061035156,2469500.0,54.67610549926758
2017-01-13,61.290000915527344,60.16999816894531,60.4900016784668,60.369998931884766,1475000.0,54.459598541259766
2017-01-17,60.70000076293945,59.720001220703125,60.36000061035156,60.13999938964844,1534000.0,54.25211715698242
2017-01-18,62.439998626708984,60.04999923706055,60.290000915527344,62.380001068115234,3744100.0,56.27281188964844
2017-01-19,62.25,59.79999923706055,62.02000045776367,60.150001525878906,2892000.0,54.261138916015625
2017-01-20,61.13999938964844,60.209999084472656,60.47999954223633,60.9900016784668,2802400.0,55.01890563964844
2017-01-23,61.33000183105469,59.5,61.18000030517578,60.060001373291016,3026300.0,54.17995071411133
2017-01-24,62.34000015258789,60.779998779296875,61.02000045776367,60.91999816894531,4368700.0,54.955753326416016
2017-01-25,60.84000015258789,59.02000045776367,60.779998779296875,59.709999084472656,6208900.0,53.86421585083008
2017-01-26,60.79999923706055,59.40999984741211,59.63999938964844,60.709999084472656,3238900.0,54.766319274902344
2017-01-27,61.22999954223633,60.18000030517578,60.79999923706055,61.0099983215332,2585200.0,55.03693389892578
2017-01-30,60.790000915527344,59.029998779296875,60.540000915527344,60.099998474121094,4340000.0,54.216026306152344
2017-01-31,59.849998474121094,57.130001068115234,59.810001373291016,58.09000015258789,9225900.0,52.40281677246094
2017-02-01,59.290000915527344,56.189998626708984,58.56999969482422,56.93000030517578,4771600.0,51.356388092041016
2017-02-02,57.63999938964844,56.709999084472656,57.029998779296875,57.4900016784668,3051900.0,51.86156463623047
2017-02-03,58.09000015258789,56.65999984741211,57.38999938964844,57.349998474121094,2570000.0,51.735267639160156
2017-02-06,58.20000076293945,57.5,57.5,57.849998474121094,2644000.0,52.18630599975586
2017-02-07,58.75,57.529998779296875,58.470001220703125,57.650001525878906,2218000.0,52.005897521972656
2017-02-08,58.31999969482422,57.20000076293945,57.56999969482422,58.279998779296875,2408000.0,52.574214935302734
2017-02-09,60.97999954223633,58.279998779296875,58.279998779296875,60.970001220703125,5505500.0,55.00086212158203
2017-02-10,61.900001525878906,60.65999984741211,61.630001068115234,60.9900016784668,5096300.0,55.01890563964844
2017-02-13,63.97999954223633,62.2400016784668,62.36000061035156,63.59000015258789,4343100.0,57.36434555053711
2017-02-14,63.5,62.400001525878906,63.290000915527344,63.09000015258789,2665100.0,56.913307189941406
2017-02-15,64.68000030517578,63.11000061035156,63.18000030517578,63.869998931884766,2963600.0,57.616943359375
2017-02-16,64.31999969482422,63.08000183105469,63.88999938964844,63.61000061035156,2174800.0,57.38239288330078
2017-02-17,63.970001220703125,62.70000076293945,63.47999954223633,63.900001525878906,2225000.0,57.64400100708008
2017-02-21,65.4000015258789,64.26000213623047,64.5,64.48999786376953,2908300.0,58.176239013671875
2017-02-22,64.05000305175781,63.06999969482422,64.0,63.2400016784668,3090400.0,57.048614501953125
2017-02-23,63.84000015258789,60.61000061035156,63.709999084472656,60.88999938964844,3009600.0,54.92869186401367
2017-02-24,61.34000015258789,60.16999816894531,60.369998931884766,60.86000061035156,2228700.0,54.90162658691406
2017-02-27,63.119998931884766,61.029998779296875,61.029998779296875,62.63999938964844,2652000.0,56.50736618041992
2017-02-28,63.11000061035156,62.20000076293945,62.619998931884766,62.56999969482422,2325100.0,56.444217681884766
2017-03-01,64.68000030517578,63.720001220703125,64.25,64.01000213623047,3239000.0,57.743228912353516
2017-03-02,63.95000076293945,62.59000015258789,63.849998474121094,62.63999938964844,2578200.0,56.50736618041992
2017-03-03,62.959999084472656,62.09000015258789,62.630001068115234,62.63999938964844,2353700.0,56.50736618041992
2017-03-06,63.040000915527344,61.650001525878906,61.86000061035156,62.810001373291016,2358100.0,56.66071319580078
2017-03-07,63.11000061035156,60.880001068115234,62.779998779296875,60.93000030517578,2637300.0,54.96477127075195
2017-03-08,61.439998626708984,60.619998931884766,60.970001220703125,60.970001220703125,2339500.0,55.00086212158203
2017-03-09,61.22999954223633,60.0099983215332,60.540000915527344,60.540000915527344,2305200.0,54.61295700073242
2017-03-10,61.41999816894531,60.459999084472656,61.060001373291016,60.619998931884766,2553900.0,54.685123443603516
2017-03-13,61.34000015258789,60.45000076293945,61.0099983215332,60.709999084472656,1950300.0,54.766319274902344
2017-03-14,60.880001068115234,60.0099983215332,60.31999969482422,60.72999954223633,1581300.0,54.78435516357422
2017-03-15,63.59000015258789,61.25,61.25,63.45000076293945,3792800.0,57.23805618286133
2017-03-16,66.0,64.48999786376953,65.66999816894531,64.5999984741211,5324600.0,58.27546310424805
2017-03-17,65.83000183105469,64.4000015258789,64.81999969482422,64.72000122070312,6201500.0,58.383731842041016
2017-03-20,64.73999786376953,63.83000183105469,64.58000183105469,64.66999816894531,1794600.0,58.33860778808594
2017-03-21,64.87999725341797,61.209999084472656,64.66999816894531,61.33000183105469,4247100.0,55.325618743896484
2017-03-22,62.43000030517578,61.189998626708984,61.63999938964844,62.13999938964844,2563700.0,56.056304931640625
2017-03-23,62.47999954223633,60.869998931884766,62.15999984741211,61.2599983215332,2182100.0,55.26246643066406
2017-03-24,61.779998779296875,59.43000030517578,61.41999816894531,59.7599983215332,2830700.0,53.9093132019043
2017-03-27,59.720001220703125,57.970001220703125,58.439998626708984,59.5,2824700.0,53.67477035522461
2017-03-28,60.77000045776367,59.02000045776367,59.279998779296875,60.209999084472656,2887500.0,54.31526184082031
2017-03-29,60.25,59.470001220703125,59.959999084472656,59.77000045776367,1482400.0,54.25898361206055
2017-03-30,60.68000030517578,59.810001373291016,59.810001373291016,60.099998474121094,2005800.0,54.55854797363281
2017-03-31,60.150001525878906,59.38999938964844,59.93000030517578,59.720001220703125,2609700.0,54.213600158691406
2017-04-03,60.88999938964844,59.189998626708984,60.13999938964844,60.209999084472656,2746200.0,54.658409118652344
2017-04-04,60.650001525878906,59.59000015258789,59.95000076293945,60.4900016784668,1624100.0,54.91259765625
2017-04-05,62.0,59.56999969482422,61.09000015258789,59.720001220703125,2730200.0,54.213600158691406
2017-04-06,60.630001068115234,59.36000061035156,59.81999969482422,60.11000061035156,2099700.0,54.56763458251953
2017-04-07,61.18000030517578,59.560001373291016,59.599998474121094,60.77000045776367,1713300.0,55.16677474975586
2017-04-10,61.099998474121094,59.66999816894531,61.0,60.08000183105469,1441900.0,54.54039764404297
2017-04-11,60.560001373291016,58.970001220703125,59.900001525878906,60.5,1913300.0,54.92167663574219
2017-04-12,59.9900016784668,57.779998779296875,59.9900016784668,57.880001068115234,2908900.0,52.54324722290039
2017-04-13,58.439998626708984,56.900001525878906,57.84000015258789,56.959999084472656,2822100.0,51.708072662353516
2017-04-17,57.43000030517578,56.7400016784668,57.16999816894531,57.209999084472656,2249500.0,51.935020446777344
2017-04-18,57.65999984741211,56.41999816894531,56.619998931884766,57.33000183105469,2183600.0,52.0439567565918
2017-04-19,58.31999969482422,57.45000076293945,57.75,57.619998931884766,2456400.0,52.30722427368164
2017-04-20,60.779998779296875,58.029998779296875,58.88999938964844,60.349998474121094,5916200.0,54.78550338745117
2017-04-21,60.349998474121094,58.95000076293945,60.34000015258789,60.0,3711400.0,54.4677734375
2017-04-24,61.599998474121094,60.04999923706055,61.119998931884766,61.18000030517578,3325900.0,55.53897476196289
2017-04-25,61.83000183105469,60.59000015258789,61.81999969482422,60.939998626708984,3204000.0,55.321102142333984
2017-04-26,62.310001373291016,59.15999984741211,59.439998626708984,62.0,4377200.0,56.28336715698242
2017-04-27,62.06999969482422,61.2400016784668,62.02000045776367,61.61000061035156,4399700.0,55.929325103759766
2017-04-28,62.09000015258789,61.15999984741211,61.959999084472656,61.33000183105469,3233400.0,55.675148010253906
2017-05-01,62.310001373291016,61.0,61.650001525878906,61.709999084472656,2071800.0,56.02009582519531
2017-05-02,61.959999084472656,61.20000076293945,61.470001220703125,61.70000076293945,2107100.0,56.011016845703125
2017-05-03,61.70000076293945,59.88999938964844,61.70000076293945,60.279998779296875,3007700.0,54.72196578979492
2017-05-04,61.29999923706055,60.02000045776367,60.20000076293945,61.09000015258789,2727600.0,55.457271575927734
2017-05-05,61.400001525878906,60.2400016784668,61.22999954223633,60.470001220703125,2207300.0,54.89443588256836
2017-05-08,60.34000015258789,59.66999816894531,60.25,59.869998931884766,1983900.0,54.34976577758789
2017-05-09,60.02000045776367,58.63999938964844,60.0099983215332,58.79999923706055,2679400.0,53.378414154052734
2017-05-10,59.08000183105469,57.66999816894531,59.06999969482422,58.209999084472656,4348700.0,52.84281539916992
2017-05-11,58.95000076293945,57.20000076293945,58.95000076293945,57.529998779296875,2652300.0,52.22551345825195
2017-05-12,57.75,57.0,57.27000045776367,57.31999969482422,1832200.0,52.034881591796875
2017-05-15,57.95000076293945,57.16999816894531,57.689998626708984,57.61000061035156,3364600.0,52.29813003540039
2017-05-16,58.36000061035156,57.290000915527344,58.27000045776367,57.779998779296875,2639000.0,52.45246505737305
2017-05-17,57.779998779296875,56.06999969482422,57.779998779296875,56.119998931884766,2940600.0,50.94552230834961
2017-05-18,56.36000061035156,55.119998931884766,55.790000915527344,55.880001068115234,2997000.0,50.727657318115234
2017-05-19,57.18000030517578,56.09000015258789,56.349998474121094,56.65999984741211,2480800.0,51.435733795166016
2017-05-22,57.2400016784668,56.470001220703125,56.939998626708984,56.7599983215332,3304400.0,51.526512145996094
2017-05-23,59.20000076293945,56.630001068115234,56.83000183105469,58.63999938964844,3550300.0,53.23317337036133
2017-05-24,60.0,58.27000045776367,59.290000915527344,58.650001525878906,3757900.0,53.24224853515625
2017-05-25,59.0,58.290000915527344,58.810001373291016,58.369998931884766,2281300.0,52.98806381225586
2017-05-26,58.68000030517578,57.959999084472656,58.349998474121094,58.150001525878906,1455300.0,52.78834915161133
2017-05-30,58.56999969482422,57.790000915527344,58.04999923706055,58.33000183105469,2027600.0,52.951759338378906
2017-05-31,58.439998626708984,56.880001068115234,57.869998931884766,58.099998474121094,2511800.0,52.74296188354492
2017-06-01,59.09000015258789,57.68000030517578,58.16999816894531,59.06999969482422,2194300.0,53.6235237121582
2017-06-02,59.099998474121094,58.619998931884766,58.9900016784668,58.70000076293945,1452100.0,53.28763961791992
2017-06-05,59.33000183105469,58.34000015258789,58.38999938964844,58.970001220703125,2137400.0,53.532745361328125
2017-06-06,58.599998474121094,57.77000045776367,58.599998474121094,57.810001373291016,2245600.0,52.479705810546875
2017-06-07,58.36000061035156,56.47999954223633,58.209999084472656,57.209999084472656,2799200.0,51.935020446777344
2017-06-08,59.400001525878906,56.790000915527344,57.209999084472656,59.13999938964844,2934100.0,53.687068939208984
2017-06-09,59.81999969482422,58.75,59.13999938964844,59.790000915527344,2010700.0,54.277137756347656
2017-06-12,60.599998474121094,59.119998931884766,59.75,59.900001525878906,2411000.0,54.37699890136719
2017-06-13,60.529998779296875,59.66999816894531,59.900001525878906,60.4900016784668,1952500.0,54.91259765625
2017-06-14,60.4900016784668,58.459999084472656,60.400001525878906,59.11000061035156,1702600.0,53.65983963012695
2017-06-15,58.16999816894531,54.560001373291016,58.11000061035156,54.599998474121094,8170400.0,49.565673828125
2017-06-16,55.459999084472656,54.0099983215332,54.59000015258789,54.91999816894531,4724000.0,49.856170654296875
2017-06-19,57.09000015258789,55.630001068115234,55.9900016784668,55.79999923706055,4028800.0,50.655033111572266
2017-06-20,56.63999938964844,55.18000030517578,55.43000030517578,56.130001068115234,2371000.0,50.95460891723633
2017-06-21,56.95000076293945,55.900001525878906,56.88999938964844,55.970001220703125,3569300.0,50.80935287475586
2017-06-22,57.0,55.68000030517578,56.20000076293945,56.70000076293945,2397000.0,51.472042083740234
2017-06-23,58.2599983215332,56.83000183105469,57.90999984741211,57.5,4209800.0,52.19828796386719
2017-06-26,57.97999954223633,56.93000030517578,57.599998474121094,57.40999984741211,2604900.0,52.11658477783203
2017-06-27,58.40999984741211,56.86000061035156,57.83000183105469,56.86000061035156,2143200.0,51.6172981262207
2017-06-28,58.5099983215332,57.150001525878906,57.150001525878906,58.16999816894531,2050400.0,53.159908294677734
2017-06-29,58.79999923706055,57.779998779296875,58.470001220703125,58.16999816894531,1793300.0,53.159908294677734
2017-06-30,59.119998931884766,57.849998474121094,58.54999923706055,57.869998931884766,2605000.0,52.8857421875
2017-07-03,59.119998931884766,58.11000061035156,58.150001525878906,58.869998931884766,1794300.0,53.79962158203125
2017-07-05,59.43000030517578,58.04999923706055,58.93000030517578,59.15999984741211,2776800.0,54.06463623046875
2017-07-06,59.900001525878906,58.63999938964844,58.900001525878906,59.189998626708984,2290400.0,54.0920524597168
2017-07-07,59.400001525878906,57.43000030517578,59.33000183105469,58.20000076293945,2530700.0,53.18732452392578
2017-07-10,59.47999954223633,57.560001373291016,57.93000030517578,58.709999084472656,1958800.0,53.65340042114258
2017-07-11,59.2599983215332,58.209999084472656,58.869998931884766,58.599998474121094,2219400.0,53.55287170410156
2017-07-12,59.13999938964844,58.40999984741211,58.84000015258789,58.939998626708984,1751400.0,53.86359405517578
2017-07-13,60.869998931884766,58.720001220703125,59.209999084472656,60.5,3822100.0,55.28923034667969
2017-07-14,60.540000915527344,59.63999938964844,60.52000045776367,59.720001220703125,2001800.0,54.576412200927734
2017-07-17,60.27000045776367,59.529998779296875,59.86000061035156,60.119998931884766,1691500.0,54.94195556640625
2017-07-18,60.0,58.65999984741211,59.88999938964844,59.349998474121094,3079600.0,54.23828125
2017-07-19,60.790000915527344,59.36000061035156,59.560001373291016,60.65999984741211,4081900.0,55.435447692871094
2017-07-20,60.939998626708984,58.75,59.619998931884766,59.91999816894531,4061600.0,54.759178161621094
2017-07-21,60.560001373291016,59.68000030517578,59.7599983215332,60.22999954223633,3382800.0,55.042476654052734
2017-07-24,60.630001068115234,59.7599983215332,60.209999084472656,60.5099983215332,2596800.0,55.298362731933594
2017-07-25,62.2599983215332,60.83000183105469,61.279998779296875,60.91999816894531,3223600.0,55.673057556152344
2017-07-26,61.279998779296875,58.0099983215332,61.04999923706055,58.119998931884766,4601300.0,53.11421585083008
2017-07-27,59.06999969482422,57.7599983215332,58.2400016784668,58.66999816894531,2939800.0,53.616844177246094
2017-07-28,58.290000915527344,57.04999923706055,58.279998779296875,57.459999084472656,2966100.0,52.51105499267578
2017-07-31,58.06999969482422,57.209999084472656,57.959999084472656,57.66999816894531,2392700.0,52.702972412109375
2017-08-01,57.95000076293945,56.7599983215332,57.869998931884766,57.150001525878906,1862800.0,52.22776412963867
2017-08-02,57.0099983215332,56.0,56.709999084472656,56.880001068115234,2400800.0,51.981014251708984
2017-08-03,57.41999816894531,56.650001525878906,56.77000045776367,57.11000061035156,1333500.0,52.19120407104492
2017-08-04,57.540000915527344,56.900001525878906,57.459999084472656,57.47999954223633,1259300.0,52.52934265136719
2017-08-07,58.130001068115234,57.369998931884766,57.959999084472656,57.86000061035156,1907200.0,52.876609802246094
2017-08-08,58.06999969482422,56.86000061035156,57.720001220703125,57.54999923706055,1763900.0,52.593299865722656
2017-08-09,57.47999954223633,56.7400016784668,57.40999984741211,57.13999938964844,1807900.0,52.218624114990234
2017-08-10,57.290000915527344,56.29999923706055,56.5099983215332,56.540000915527344,2246100.0,51.6702995300293
2017-08-11,56.63999938964844,55.29999923706055,56.220001220703125,55.369998931884766,2179900.0,50.601070404052734
2017-08-14,56.0,55.290000915527344,55.630001068115234,55.720001220703125,2381300.0,50.92092514038086
2017-08-15,56.22999954223633,55.380001068115234,55.810001373291016,55.56999969482422,1359600.0,50.78384780883789
2017-08-16,56.86000061035156,55.83000183105469,55.90999984741211,56.72999954223633,2521100.0,51.84393310546875
2017-08-17,56.060001373291016,54.34000015258789,56.0,54.349998474121094,2840500.0,49.66891860961914
2017-08-18,54.630001068115234,54.02000045776367,54.33000183105469,54.11000061035156,2279500.0,49.4495849609375
2017-08-21,54.470001220703125,53.599998474121094,54.290000915527344,53.72999954223633,1487300.0,49.102317810058594
2017-08-22,54.66999816894531,53.70000076293945,54.09000015258789,54.650001525878906,1724200.0,49.94307327270508
2017-08-23,55.20000076293945,54.119998931884766,54.27000045776367,54.90999984741211,1350900.0,50.18068313598633
2017-08-24,55.189998626708984,54.29999923706055,54.970001220703125,54.59000015258789,1423600.0,49.88825225830078
2017-08-25,55.0,54.08000183105469,54.939998626708984,54.709999084472656,1671800.0,49.9979133605957
2017-08-28,54.939998626708984,54.029998779296875,54.90999984741211,54.58000183105469,1675500.0,49.879112243652344
2017-08-29,55.470001220703125,53.849998474121094,54.27000045776367,54.93000030517578,1884000.0,50.1989631652832
2017-08-30,55.959999084472656,54.630001068115234,54.93000030517578,55.68000030517578,1504100.0,50.884368896484375
2017-08-31,56.25,55.04999923706055,56.099998474121094,55.11000061035156,1714400.0,50.36346435546875
2017-09-01,55.83000183105469,55.16999816894531,55.61000061035156,55.5,1935000.0,50.719871520996094
2017-09-05,56.189998626708984,54.290000915527344,55.650001525878906,54.790000915527344,2489600.0,50.07102584838867
2017-09-06,55.54999923706055,54.83000183105469,54.93000030517578,55.310001373291016,1615600.0,50.54623794555664
2017-09-07,55.380001068115234,53.95000076293945,55.25,54.2599983215332,1944100.0,49.586666107177734
2017-09-08,54.959999084472656,53.54999923706055,53.95000076293945,54.54999923706055,2552700.0,49.85169219970703
2017-09-11,55.060001373291016,53.7599983215332,55.0,53.970001220703125,2706900.0,49.3216438293457
2017-09-12,53.529998779296875,51.66999816894531,53.41999816894531,53.47999954223633,4157100.0,48.87384796142578
2017-09-13,53.72999954223633,53.15999984741211,53.220001220703125,53.599998474121094,2267400.0,48.98351287841797
2017-09-14,54.22999954223633,53.33000183105469,54.15999984741211,53.959999084472656,2520300.0,49.3125114440918
2017-09-15,54.2599983215332,53.18000030517578,53.45000076293945,53.5,3595300.0,48.89212417602539
2017-09-18,54.560001373291016,53.34000015258789,53.58000183105469,54.27000045776367,2479300.0,49.5958137512207
2017-09-19,55.33000183105469,53.79999923706055,54.27000045776367,55.11000061035156,2685900.0,50.36346435546875
2017-09-20,56.310001373291016,55.2599983215332,55.290000915527344,55.97999954223633,2800600.0,51.15852737426758
2017-09-21,56.040000915527344,54.31999969482422,55.63999938964844,54.5099983215332,2340000.0,49.81513977050781
2017-09-22,54.79999923706055,53.790000915527344,53.81999969482422,54.529998779296875,2397800.0,49.83341598510742
2017-09-25,54.72999954223633,53.41999816894531,54.43000030517578,54.29999923706055,2156300.0,49.62321853637695
2017-09-26,54.86000061035156,54.06999969482422,54.349998474121094,54.09000015258789,1506200.0,49.43131637573242
2017-09-27,55.650001525878906,54.189998626708984,54.41999816894531,55.61000061035156,2124100.0,50.820396423339844
2017-09-28,55.58000183105469,54.369998931884766,54.79999923706055,55.4900016784668,3139900.0,51.05778503417969
2017-09-29,56.099998474121094,55.150001525878906,55.36000061035156,56.040000915527344,1906200.0,51.56386184692383
2017-10-02,56.33000183105469,55.43000030517578,55.47999954223633,56.04999923706055,2796200.0,51.573055267333984
2017-10-03,56.27000045776367,55.27000045776367,56.20000076293945,55.959999084472656,3030500.0,51.49024963378906
2017-10-04,56.5099983215332,55.72999954223633,56.0,56.11000061035156,2131500.0,51.62826919555664
2017-10-05,56.900001525878906,56.25,56.54999923706055,56.66999816894531,2700700.0,52.14353561401367
2017-10-06,56.470001220703125,55.7400016784668,56.40999984741211,56.150001525878906,1433500.0,51.66507339477539
2017-10-09,56.13999938964844,54.93000030517578,56.060001373291016,55.400001525878906,2116200.0,50.974971771240234
2017-10-10,55.90999984741211,55.16999816894531,55.560001373291016,55.369998931884766,1270900.0,50.94737243652344
2017-10-11,57.34000015258789,55.470001220703125,55.58000183105469,57.34000015258789,3523900.0,52.76001739501953
2017-10-12,57.66999816894531,56.61000061035156,56.9900016784668,57.41999816894531,2213100.0,52.8336296081543
2017-10-13,58.65999984741211,57.880001068115234,58.20000076293945,58.310001373291016,2268300.0,53.65253829956055
2017-10-16,58.7599983215332,57.0,58.72999954223633,57.209999084472656,1759000.0,52.64039993286133
2017-10-17,57.63999938964844,56.90999984741211,57.150001525878906,57.11000061035156,2107700.0,52.54839324951172
2017-10-18,57.63999938964844,57.130001068115234,57.310001373291016,57.279998779296875,2048000.0,52.704811096191406
2017-10-19,58.650001525878906,56.0099983215332,56.70000076293945,58.619998931884766,3268000.0,53.93777847290039
2017-10-20,60.27000045776367,59.02000045776367,59.04999923706055,60.0,3982200.0,55.20755386352539
2017-10-23,60.540000915527344,59.439998626708984,60.0,59.45000076293945,2968900.0,54.70148849487305
2017-10-24,59.959999084472656,59.36000061035156,59.63999938964844,59.779998779296875,3123000.0,55.005126953125
2017-10-25,59.720001220703125,58.88999938964844,59.630001068115234,58.9900016784668,2926000.0,54.278236389160156
2017-10-26,59.810001373291016,58.84000015258789,59.310001373291016,59.72999954223633,2461500.0,54.95912170410156
2017-10-27,59.869998931884766,58.83000183105469,59.130001068115234,59.4900016784668,2455700.0,54.738285064697266
2017-10-30,59.16999816894531,58.40999984741211,59.040000915527344,58.470001220703125,2581800.0,53.79975891113281
2017-10-31,58.4900016784668,57.720001220703125,58.040000915527344,57.83000183105469,3763700.0,53.210880279541016
2017-11-01,59.959999084472656,58.459999084472656,58.68000030517578,58.79999923706055,2238100.0,54.1034049987793
2017-11-02,59.11000061035156,58.209999084472656,58.86000061035156,58.45000076293945,1471200.0,53.78135681152344
2017-11-03,58.52000045776367,57.66999816894531,58.52000045776367,58.0,1955700.0,53.367305755615234
2017-11-06,58.77000045776367,57.869998931884766,58.29999923706055,57.97999954223633,1486000.0,53.34890365600586
2017-11-07,57.959999084472656,57.400001525878906,57.849998474121094,57.689998626708984,1163000.0,53.082061767578125
2017-11-08,57.849998474121094,57.08000183105469,57.5099983215332,57.70000076293945,1284800.0,53.09126663208008
2017-11-09,57.16999816894531,56.349998474121094,57.09000015258789,56.52000045776367,1954400.0,52.005516052246094
2017-11-10,56.86000061035156,55.380001068115234,56.72999954223633,55.83000183105469,2551600.0,51.37063217163086
2017-11-13,56.029998779296875,55.099998474121094,55.369998931884766,55.70000076293945,1836600.0,51.25101852416992
2017-11-14,55.4900016784668,54.400001525878906,55.380001068115234,54.86000061035156,1815300.0,50.47810745239258
2017-11-15,55.16999816894531,53.709999084472656,54.279998779296875,54.939998626708984,2428700.0,50.551719665527344
2017-11-16,55.349998474121094,54.400001525878906,55.29999923706055,54.790000915527344,1650500.0,50.413700103759766
2017-11-17,55.09000015258789,54.31999969482422,54.5,54.79999923706055,1405800.0,50.42290496826172
2017-11-20,55.630001068115234,54.599998474121094,54.7400016784668,55.560001373291016,1517800.0,51.12220001220703
2017-11-21,56.22999954223633,55.68000030517578,55.72999954223633,55.97999954223633,1434800.0,51.50864791870117
2017-11-22,56.61000061035156,56.0,56.189998626708984,56.150001525878906,995200.0,51.66507339477539
2017-11-24,56.599998474121094,55.84000015258789,56.439998626708984,55.93000030517578,421200.0,51.46263885498047
2017-11-27,56.0,55.16999816894531,55.939998626708984,55.849998474121094,1763000.0,51.3890266418457
2017-11-28,56.43000030517578,55.5099983215332,55.88999938964844,56.279998779296875,1830900.0,51.784690856933594
2017-11-29,57.709999084472656,56.27000045776367,56.290000915527344,57.36000061035156,2208600.0,52.77842712402344
2017-11-30,58.43000030517578,57.20000076293945,57.36000061035156,57.5,6640900.0,52.90724182128906
2017-12-01,58.27000045776367,56.470001220703125,57.75,57.29999923706055,3614900.0,52.72321319580078
2017-12-04,59.65999984741211,57.939998626708984,57.959999084472656,58.81999969482422,3643700.0,54.12180709838867
2017-12-05,58.47999954223633,57.380001068115234,58.47999954223633,57.63999938964844,2425200.0,53.03606033325195
2017-12-06,59.099998474121094,57.91999816894531,58.189998626708984,57.939998626708984,2899100.0,53.31209182739258
2017-12-07,58.66999816894531,57.97999954223633,58.11000061035156,58.59000015258789,2227300.0,53.91017532348633
2017-12-08,60.95000076293945,59.04999923706055,59.900001525878906,60.16999816894531,5874700.0,55.36397933959961
2017-12-11,61.56999969482422,60.099998474121094,60.5099983215332,61.27000045776367,5465400.0,56.37611770629883
2017-12-12,62.119998931884766,60.900001525878906,61.81999969482422,61.95000076293945,4733000.0,57.001800537109375
2017-12-13,62.0,61.040000915527344,61.70000076293945,61.849998474121094,2951100.0,56.90978240966797
2017-12-14,62.18000030517578,59.5,61.4900016784668,59.540000915527344,3914300.0,54.7842903137207
2017-12-15,60.38999938964844,59.22999954223633,60.27000045776367,60.11000061035156,6442200.0,55.30876922607422
2017-12-18,62.06999969482422,60.119998931884766,60.119998931884766,62.0099983215332,3147400.0,57.0570068359375
2017-12-19,62.779998779296875,61.709999084472656,61.93000030517578,62.43000030517578,2900800.0,57.44346237182617
2017-12-20,64.43000030517578,63.27000045776367,64.1500015258789,63.849998474121094,3960400.0,58.75004196166992
2017-12-21,64.7300033569336,63.900001525878906,64.37000274658203,64.52999877929688,2827400.0,59.37572479248047
2017-12-22,64.5999984741211,63.58000183105469,64.5199966430664,64.55999755859375,2247600.0,59.4033317565918
2017-12-26,64.86000061035156,64.33999633789062,64.5999984741211,64.7300033569336,2502700.0,59.559757232666016
2017-12-27,64.73999786376953,64.13999938964844,64.73999786376953,64.61000061035156,2065500.0,59.449337005615234
2017-12-28,64.47000122070312,63.93000030517578,64.23999786376953,64.33999633789062,1138200.0,59.551143646240234
2017-12-29,64.75,63.56999969482422,64.75,63.58000183105469,1519400.0,58.847721099853516
2018-01-02,66.55000305175781,64.0999984741211,64.20999908447266,66.5199966430664,3755900.0,61.56889343261719
2018-01-03,67.7300033569336,66.44000244140625,66.79000091552734,67.38999938964844,3772500.0,62.37413024902344
2018-01-04,67.6500015258789,66.5999984741211,67.52999877929688,67.22000122070312,2529300.0,62.2167854309082
2018-01-05,67.91000366210938,66.69000244140625,67.37000274658203,67.86000061035156,2660800.0,62.809146881103516
2018-01-08,68.33000183105469,67.5199966430664,67.80000305175781,68.23999786376953,3118200.0,63.160850524902344
2018-01-09,68.2300033569336,67.69999694824219,68.2300033569336,67.77999877929688,3289300.0,62.735111236572266
2018-01-10,69.05999755859375,67.30999755859375,67.7699966430664,68.94000244140625,2539300.0,63.80877685546875
2018-01-11,70.18000030517578,68.9000015258789,69.3499984741211,70.18000030517578,2027400.0,64.95647430419922
2018-01-12,70.4800033569336,68.80000305175781,70.1500015258789,69.0199966430664,2637300.0,63.882816314697266
2018-01-16,70.19999694824219,68.2699966430664,69.06999969482422,68.94999694824219,4299700.0,63.818031311035156
2018-01-17,69.55000305175781,68.58999633789062,69.38999938964844,69.26000213623047,1952200.0,64.10496520996094
2018-01-18,69.43000030517578,68.5,69.04000091552734,68.81999969482422,2798200.0,63.69770812988281
2018-01-19,69.2300033569336,68.20999908447266,69.19000244140625,68.72000122070312,3272800.0,63.60514831542969
2018-01-22,69.0999984741211,68.18000030517578,68.87000274658203,68.98999786376953,2432300.0,63.85505294799805
2018-01-23,69.68000030517578,67.69999694824219,68.69000244140625,68.9800033569336,2786800.0,63.845787048339844
2018-01-24,69.91000366210938,68.86000061035156,69.47000122070312,69.01000213623047,1872900.0,63.873565673828125
2018-01-25,69.76000213623047,67.98999786376953,69.70999908447266,68.23999786376953,3857400.0,63.160850524902344
2018-01-26,69.55000305175781,68.08999633789062,68.4000015258789,69.54000091552734,2778200.0,64.36410522460938
2018-01-29,69.9800033569336,68.97000122070312,69.45999908447266,69.04000091552734,2448400.0,63.90132141113281
2018-01-30,70.02999877929688,66.0,69.61000061035156,66.81999969482422,4430800.0,61.84656524658203
2018-01-31,67.98999786376953,66.33999633789062,67.93000030517578,66.95999908447266,4875700.0,61.97613525390625
2018-02-01,67.0999984741211,65.9000015258789,66.6500015258789,66.37999725341797,3209400.0,61.439300537109375
2018-02-02,65.87999725341797,64.08000183105469,65.80000305175781,64.23999786376953,3814100.0,59.458587646484375
2018-02-05,64.80999755859375,61.849998474121094,63.599998474121094,62.540000915527344,4241500.0,57.88512420654297
2018-02-06,63.83000183105469,60.310001373291016,61.040000915527344,63.599998474121094,5682400.0,58.8662223815918
2018-02-07,64.19000244140625,62.91999816894531,63.40999984741211,62.91999816894531,3153200.0,58.23683547973633
2018-02-08,63.08000183105469,60.380001068115234,63.040000915527344,60.380001068115234,3362300.0,55.88589096069336
2018-02-09,62.27000045776367,59.5,61.68000030517578,61.77000045776367,3291700.0,57.17243576049805
2018-02-12,64.02999877929688,61.939998626708984,62.25,63.439998626708984,2800300.0,58.71813201904297
2018-02-13,64.52999877929688,62.720001220703125,63.209999084472656,64.08000183105469,3192100.0,59.31050109863281
2018-02-14,65.37999725341797,63.33000183105469,63.33000183105469,65.19000244140625,3077100.0,60.337886810302734
2018-02-15,66.0,64.58999633789062,65.86000061035156,65.58000183105469,2524100.0,60.698856353759766
2018-02-16,69.5,64.9000015258789,65.37999725341797,68.54000091552734,5312800.0,63.438541412353516
2018-02-20,69.12000274658203,67.08999633789062,68.02999877929688,67.55999755859375,3453400.0,62.531471252441406
2018-02-21,68.20999908447266,66.8499984741211,67.55999755859375,66.8499984741211,1633300.0,61.87433624267578
2018-02-22,67.91999816894531,66.80000305175781,67.37999725341797,66.94999694824219,2606500.0,61.96687316894531
2018-02-23,67.43000030517578,66.13999938964844,67.2300033569336,66.94000244140625,1313100.0,61.95763397216797
2018-02-26,68.44000244140625,66.94999694824219,68.04000091552734,67.87999725341797,1703900.0,62.827659606933594
2018-02-27,68.44999694824219,67.2699966430664,67.62000274658203,67.29000091552734,1717200.0,62.28157424926758
2018-02-28,67.7699966430664,65.38999938964844,67.62999725341797,65.4000015258789,2602600.0,60.53225326538086
2018-03-01,68.2699966430664,66.0,66.48999786376953,67.52999877929688,5096300.0,62.503719329833984
2018-03-02,68.1500015258789,65.95999908447266,67.18000030517578,67.87999725341797,3877000.0,62.827659606933594
2018-03-05,69.12000274658203,67.25,67.30999755859375,67.86000061035156,3345100.0,62.809146881103516
2018-03-06,68.38999938964844,66.69999694824219,68.0999984741211,67.77999877929688,3095100.0,62.735111236572266
2018-03-07,69.79000091552734,67.70999908447266,67.70999908447266,69.4800033569336,3745100.0,64.30857849121094
2018-03-08,69.43000030517578,67.0,69.43000030517578,67.62999725341797,3220000.0,62.596275329589844
2018-03-09,68.7300033569336,66.62000274658203,68.2699966430664,67.16000366210938,3154400.0,62.161251068115234
2018-03-12,67.93000030517578,66.9800033569336,66.9800033569336,67.69000244140625,1625900.0,62.65180587768555
2018-03-13,68.97000122070312,67.27999877929688,67.79000091552734,67.52999877929688,2146200.0,62.503719329833984
2018-03-14,68.12000274658203,65.86000061035156,67.98999786376953,66.0,2287200.0,61.08759689331055
2018-03-15,66.97000122070312,66.0,66.12999725341797,66.18000030517578,1627500.0,61.25420379638672
2018-03-16,67.36000061035156,65.69000244140625,66.19000244140625,66.58999633789062,3052300.0,61.63367462158203
2018-03-19,66.55999755859375,64.69999694824219,66.47000122070312,65.33000183105469,2141500.0,60.46745300292969
2018-03-20,66.08000183105469,64.16999816894531,65.52999877929688,64.19999694824219,2923700.0,59.421566009521484
2018-03-21,65.73999786376953,64.38999938964844,64.5,65.3499984741211,2549000.0,60.4859733581543
2018-03-22,64.61000061035156,61.040000915527344,64.61000061035156,61.09000015258789,3619400.0,56.54304504394531
2018-03-23,61.540000915527344,59.29999923706055,61.36000061035156,59.439998626708984,3206600.0,55.0158576965332
2018-03-26,60.939998626708984,59.290000915527344,60.45000076293945,60.599998474121094,2106400.0,56.08951950073242
2018-03-27,61.810001373291016,59.779998779296875,61.2599983215332,60.22999954223633,2684100.0,55.7470588684082
2018-03-28,60.22999954223633,58.7400016784668,59.88999938964844,59.31999969482422,2174300.0,55.25339126586914
2018-03-29,61.38999938964844,60.060001373291016,60.25,61.09000015258789,2692200.0,56.90205001831055
2018-04-02,61.31999969482422,59.279998779296875,60.79999923706055,59.849998474121094,1887300.0,55.7470588684082
2018-04-03,61.060001373291016,60.119998931884766,60.38999938964844,60.790000915527344,1569700.0,56.62261199951172
2018-04-04,61.2400016784668,58.95000076293945,59.099998474121094,61.130001068115234,2346300.0,56.939308166503906
2018-04-05,63.310001373291016,61.65999984741211,61.689998626708984,63.099998474121094,3859000.0,58.774253845214844
2018-04-06,62.4900016784668,60.09000015258789,62.459999084472656,60.689998626708984,1899100.0,56.52947235107422
2018-04-09,61.5099983215332,60.459999084472656,61.13999938964844,60.540000915527344,1401600.0,56.3897590637207
2018-04-10,62.630001068115234,61.36000061035156,61.709999084472656,62.15999984741211,2734800.0,57.8986930847168
2018-04-11,62.0099983215332,60.630001068115234,61.77000045776367,60.97999954223633,1658800.0,56.79958724975586
2018-04-12,62.369998931884766,61.220001220703125,61.279998779296875,61.91999816894531,1421500.0,57.67515182495117
2018-04-13,62.68000030517578,61.04999923706055,62.33000183105469,61.630001068115234,1490100.0,57.405029296875
2018-04-16,62.63999938964844,61.619998931884766,62.150001525878906,62.459999084472656,1777500.0,58.178123474121094
2018-04-17,64.3499984741211,63.02000045776367,63.16999816894531,64.12999725341797,2575100.0,59.733638763427734
2018-04-18,66.16000366210938,64.88999938964844,65.20999908447266,65.41999816894531,3854900.0,60.935203552246094
2018-04-19,66.0999984741211,63.2599983215332,64.30999755859375,65.12999725341797,4019200.0,60.66508865356445
2018-04-20,65.22000122070312,63.0,65.19999694824219,63.54999923706055,2854900.0,59.19340896606445
2018-04-23,63.63999938964844,62.529998779296875,63.20000076293945,62.880001068115234,2339000.0,58.569339752197266
2018-04-24,64.16999816894531,60.849998474121094,63.5,62.2599983215332,4538300.0,57.991844177246094
2018-04-25,63.4900016784668,61.72999954223633,61.9900016784668,63.18000030517578,1995600.0,58.848777770996094
2018-04-26,63.77000045776367,61.970001220703125,63.720001220703125,63.13999938964844,1962500.0,58.81151580810547
2018-04-27,63.099998474121094,61.130001068115234,62.79999923706055,62.029998779296875,2363400.0,57.777610778808594
2018-04-30,62.5,61.040000915527344,62.220001220703125,61.619998931884766,2289700.0,57.39571762084961
2018-05-01,61.75,59.810001373291016,61.369998931884766,60.36000061035156,3294100.0,56.22209548950195
2018-05-02,61.630001068115234,60.66999816894531,60.68000030517578,60.9900016784668,2184700.0,56.80891036987305
2018-05-03,61.70000076293945,60.47999954223633,60.849998474121094,61.220001220703125,2277900.0,57.02313995361328
2018-05-04,63.220001220703125,60.65999984741211,60.79999923706055,62.939998626708984,2398600.0,58.62522506713867
2018-05-07,63.310001373291016,62.540000915527344,63.09000015258789,62.84000015258789,1588200.0,58.532081604003906
2018-05-08,63.150001525878906,62.06999969482422,62.63999938964844,62.619998931884766,1847800.0,58.3271598815918
2018-05-09,63.150001525878906,62.45000076293945,63.02000045776367,62.709999084472656,1372500.0,58.41099548339844
2018-05-10,64.41000366210938,62.83000183105469,63.0,63.849998474121094,2077700.0,59.47284698486328
2018-05-11,64.30000305175781,62.95000076293945,63.88999938964844,63.119998931884766,3020600.0,58.79288101196289
2018-05-14,63.400001525878906,62.470001220703125,63.380001068115234,62.7599983215332,2836500.0,58.45756912231445
2018-05-15,63.040000915527344,62.02000045776367,62.2599983215332,63.0,2478800.0,58.68111038208008
2018-05-16,65.05999755859375,62.959999084472656,63.0,64.9800033569336,3516800.0,60.52537536621094
2018-05-17,66.25,65.01000213623047,65.19999694824219,65.76000213623047,2824300.0,61.25190353393555
2018-05-18,66.0999984741211,64.94000244140625,65.62999725341797,65.54000091552734,1783400.0,61.04698181152344
2018-05-21,65.63999938964844,64.33000183105469,65.5999984741211,65.18000030517578,1472800.0,60.711666107177734
2018-05-22,66.13999938964844,65.0,65.5,65.05000305175781,1548100.0,60.590579986572266
2018-05-23,64.5,63.56999969482422,64.47000122070312,64.22000122070312,1257800.0,59.817481994628906
2018-05-24,64.7300033569336,63.65999984741211,64.33000183105469,64.61000061035156,3727500.0,60.18074417114258
2018-05-25,64.47000122070312,63.65999984741211,64.23999786376953,63.970001220703125,1269300.0,59.584617614746094
2018-05-29,63.84000015258789,62.5,63.33000183105469,62.720001220703125,1777200.0,58.420310974121094
2018-05-30,64.58999633789062,63.310001373291016,63.369998931884766,64.0999984741211,1942300.0,59.70570373535156
2018-05-31,66.2300033569336,64.1500015258789,65.0999984741211,64.19000244140625,2994000.0,59.78954315185547
2018-06-01,66.2300033569336,65.5199966430664,66.02999877929688,65.80000305175781,2666200.0,61.2891731262207
2018-06-04,66.7699966430664,65.23999786376953,66.0999984741211,65.62999725341797,1982600.0,61.13080596923828
2018-06-05,66.69999694824219,65.66000366210938,65.69000244140625,66.27999877929688,2667800.0,61.73625946044922
2018-06-06,67.31999969482422,66.19000244140625,66.77999877929688,67.2699966430664,2898200.0,62.65838623046875
2018-06-07,67.30999755859375,65.94999694824219,66.98999786376953,66.41000366210938,2415500.0,61.85734558105469
2018-06-08,66.91999816894531,66.25,66.41999816894531,66.8499984741211,1814000.0,62.26718521118164
2018-06-11,67.69000244140625,66.58000183105469,66.91000366210938,67.08000183105469,2150000.0,62.48141860961914
2018-06-12,67.94000244140625,66.69000244140625,67.5199966430664,67.06999969482422,1499800.0,62.47208786010742
2018-06-13,67.2699966430664,66.54000091552734,67.0999984741211,66.7699966430664,1200600.0,62.192657470703125
2018-06-14,68.7300033569336,66.87000274658203,68.05000305175781,68.52999877929688,3845900.0,63.83201217651367
2018-06-15,68.83999633789062,66.38999938964844,68.76000213623047,66.8499984741211,3888900.0,62.26718521118164
2018-06-18,67.12000274658203,66.05000305175781,66.20999908447266,66.75,2435400.0,62.17404556274414
2018-06-19,65.7699966430664,64.05999755859375,65.30000305175781,65.47000122070312,3107300.0,60.98178482055664
2018-06-20,66.06999969482422,64.80000305175781,66.06999969482422,65.87999725341797,2227400.0,61.36367416381836
2018-06-21,65.6500015258789,64.66000366210938,65.56999969482422,64.87000274658203,2318600.0,60.422916412353516
2018-06-22,66.3499984741211,65.16999816894531,65.62000274658203,66.19999694824219,2483400.0,61.661739349365234
2018-06-25,65.5999984741211,62.540000915527344,65.44999694824219,63.459999084472656,3126900.0,59.10957336425781
2018-06-26,64.4000015258789,63.38999938964844,63.709999084472656,64.12000274658203,1845000.0,59.724334716796875
2018-06-27,64.66000366210938,62.970001220703125,64.33000183105469,62.9900016784668,1748500.0,58.67179870605469
2018-06-28,62.91999816894531,61.689998626708984,62.54999923706055,62.70000076293945,1894200.0,58.756141662597656
2018-06-29,63.25,62.47999954223633,62.900001525878906,62.5,1763800.0,58.5687141418457
2018-07-02,63.029998779296875,62.0,62.029998779296875,62.849998474121094,1505300.0,58.89670181274414
2018-07-03,63.439998626708984,61.4900016784668,63.33000183105469,61.68000030517578,1100200.0,57.80029296875
2018-07-05,63.290000915527344,62.099998474121094,62.34000015258789,63.0,1876900.0,59.03726577758789
2018-07-06,63.59000015258789,62.2400016784668,62.70000076293945,63.34000015258789,1031800.0,59.35588073730469
2018-07-09,64.19999694824219,63.27000045776367,63.72999954223633,64.16999816894531,1257300.0,60.133670806884766
2018-07-10,65.20999908447266,64.2699966430664,64.37999725341797,64.7300033569336,1449700.0,60.65845489501953
2018-07-11,64.63999938964844,63.689998626708984,63.84000015258789,63.91999816894531,2719100.0,59.89939880371094
2018-07-12,64.87000274658203,63.83000183105469,64.5,63.869998931884766,1854200.0,59.85254669189453
2018-07-13,64.3499984741211,63.779998779296875,63.869998931884766,64.12000274658203,1272200.0,60.086822509765625
2018-07-16,64.63999938964844,63.779998779296875,64.2699966430664,64.01000213623047,1359400.0,59.983741760253906
2018-07-17,64.7699966430664,63.810001373291016,63.959999084472656,64.62000274658203,1861500.0,60.55536651611328
2018-07-18,65.9000015258789,64.75,64.87000274658203,65.61000061035156,2634400.0,61.483097076416016
2018-07-19,65.38999938964844,63.34000015258789,65.0,64.66999816894531,3770700.0,60.602230072021484
2018-07-20,66.47000122070312,64.91000366210938,65.08999633789062,66.25,3219800.0,62.08283615112305
2018-07-23,67.38999938964844,65.87000274658203,66.48999786376953,66.72000122070312,3013900.0,62.52326965332031
2018-07-24,68.83999633789062,67.43000030517578,68.37999725341797,67.81999969482422,4795600.0,63.5540885925293
2018-07-25,68.0999984741211,67.26000213623047,67.95999908447266,67.9800033569336,3102600.0,63.70402908325195
2018-07-26,67.69999694824219,66.37000274658203,67.5,67.55999755859375,2866500.0,63.310428619384766
2018-07-27,68.05000305175781,67.33999633789062,67.80999755859375,67.61000061035156,1672600.0,63.3572883605957
2018-07-30,68.05999755859375,67.08000183105469,67.88999938964844,67.20999908447266,2654900.0,62.98246383666992
2018-07-31,67.76000213623047,66.30000305175781,67.20999908447266,66.93000030517578,3188500.0,62.720069885253906
2018-08-01,67.38999938964844,65.44999694824219,66.86000061035156,65.69000244140625,3227900.0,61.55807113647461
2018-08-02,65.31999969482422,64.20999908447266,64.8499984741211,64.54000091552734,3081900.0,60.48040008544922
2018-08-03,65.08000183105469,64.1500015258789,64.8499984741211,64.47000122070312,1589600.0,60.414798736572266
2018-08-06,64.54000091552734,63.77000045776367,64.26000213623047,64.01000213623047,2436800.0,59.983741760253906
2018-08-07,65.3499984741211,64.45999908447266,64.81999969482422,64.54000091552734,1502500.0,60.48040008544922
2018-08-08,64.95999908447266,64.12000274658203,64.68000030517578,64.44000244140625,1196600.0,60.386695861816406
2018-08-09,64.61000061035156,63.36000061035156,64.41999816894531,63.40999984741211,2159000.0,59.42148208618164
2018-08-10,63.93000030517578,62.560001373291016,62.88999938964844,63.45000076293945,2980300.0,59.45896530151367
2018-08-13,64.18000030517578,63.09000015258789,63.720001220703125,63.15999984741211,2836300.0,59.18720245361328
2018-08-14,63.709999084472656,63.2400016784668,63.33000183105469,63.560001373291016,1345700.0,59.56204605102539
2018-08-15,62.689998626708984,60.959999084472656,62.529998779296875,61.11000061035156,3765600.0,57.26614761352539
2018-08-16,62.29999923706055,61.2599983215332,61.47999954223633,61.7599983215332,3865100.0,57.87525939941406
2018-08-17,62.599998474121094,60.93000030517578,61.68000030517578,62.380001068115234,2155200.0,58.45626449584961
2018-08-20,63.060001373291016,62.38999938964844,62.650001525878906,62.54999923706055,2766100.0,58.615570068359375
2018-08-21,64.26000213623047,62.689998626708984,62.689998626708984,63.79999923706055,2835300.0,59.786949157714844
2018-08-22,64.2300033569336,63.59000015258789,63.95000076293945,63.790000915527344,1454400.0,59.77758026123047
2018-08-23,63.4900016784668,61.88999938964844,63.4900016784668,62.02000045776367,2074700.0,58.11891174316406
2018-08-24,63.130001068115234,62.119998931884766,62.77000045776367,62.52000045776367,3158000.0,58.58746337890625
2018-08-27,63.91999816894531,62.81999969482422,62.959999084472656,63.709999084472656,1587300.0,59.70261001586914
2018-08-28,64.48999786376953,63.369998931884766,64.1500015258789,63.83000183105469,1225900.0,59.815059661865234
2018-08-29,64.5,63.09000015258789,63.83000183105469,64.08999633789062,1571100.0,60.0587043762207
2018-08-30,63.7599983215332,62.54999923706055,63.65999984741211,62.790000915527344,2276200.0,58.84047317504883
2018-08-31,63.0099983215332,62.25,62.45000076293945,62.5,2203100.0,58.5687141418457
2018-09-04,62.5099983215332,61.2599983215332,61.7599983215332,62.209999084472656,2841400.0,58.296958923339844
2018-09-05,63.79999923706055,61.84000015258789,62.040000915527344,63.630001068115234,3208100.0,59.62764358520508
2018-09-06,64.13999938964844,62.869998931884766,62.970001220703125,63.310001373291016,1750200.0,59.32776641845703
2018-09-07,63.70000076293945,62.540000915527344,63.70000076293945,63.2400016784668,2100500.0,59.26217269897461
2018-09-10,63.61000061035156,62.38999938964844,63.40999984741211,62.439998626708984,1300100.0,58.51249313354492
2018-09-11,62.849998474121094,61.29999923706055,61.7400016784668,62.70000076293945,2107200.0,58.756141662597656
2018-09-12,63.79999923706055,62.650001525878906,63.0099983215332,63.560001373291016,1536600.0,59.56204605102539
2018-09-13,64.37999725341797,63.29999923706055,64.16999816894531,63.5,1430800.0,59.50581741333008
2018-09-14,63.45000076293945,61.86000061035156,63.400001525878906,62.58000183105469,2479300.0,58.6436882019043
2018-09-17,63.790000915527344,62.70000076293945,62.720001220703125,63.04999923706055,1310100.0,59.08412551879883
2018-09-18,64.80000305175781,63.38999938964844,63.5,64.2699966430664,1997000.0,60.227378845214844
2018-09-19,65.37000274658203,64.55999755859375,64.75,64.83999633789062,1666400.0,60.76152420043945
2018-09-20,65.9000015258789,64.2699966430664,65.80999755859375,64.41000366210938,1730000.0,60.358585357666016
2018-09-21,64.87000274658203,63.619998931884766,64.54000091552734,64.37999725341797,3230200.0,60.33046340942383
2018-09-24,65.06999969482422,63.619998931884766,64.4000015258789,63.689998626708984,1368700.0,59.683868408203125
2018-09-25,64.83000183105469,64.0,64.0199966430664,64.66000366210938,1817300.0,60.592857360839844
2018-09-26,64.56999969482422,63.209999084472656,64.44999694824219,63.290000915527344,1934800.0,59.30902862548828
2018-09-27,63.459999084472656,62.70000076293945,63.119998931884766,63.06999969482422,1522200.0,59.459869384765625
2018-09-28,63.650001525878906,62.900001525878906,62.970001220703125,63.45000076293945,1825200.0,59.818115234375
2018-10-01,64.83000183105469,63.41999816894531,63.779998779296875,64.30000305175781,3059200.0,60.61946487426758
2018-10-02,65.41999816894531,64.08000183105469,64.20999908447266,65.30000305175781,2318200.0,61.562225341796875
2018-10-03,65.62999725341797,65.04000091552734,65.58000183105469,65.38999938964844,2066900.0,61.64706802368164
2018-10-04,66.02999877929688,64.55999755859375,65.55999755859375,65.0,1632000.0,61.27939224243164
2018-10-05,65.05000305175781,63.540000915527344,64.69000244140625,64.29000091552734,1790100.0,60.61003112792969
2018-10-08,64.80000305175781,63.77000045776367,64.2300033569336,64.72000122070312,1567200.0,61.01542282104492
2018-10-09,64.69999694824219,63.619998931884766,64.58000183105469,63.70000076293945,1747500.0,60.05380630493164
2018-10-10,63.880001068115234,61.0099983215332,63.599998474121094,61.040000915527344,3776900.0,57.54606246948242
2018-10-11,61.79999923706055,60.20000076293945,61.0,60.459999084472656,2474700.0,56.999267578125
2018-10-12,61.790000915527344,60.15999984741211,61.790000915527344,60.810001373291016,3151900.0,57.32923126220703
2018-10-15,60.68000030517578,58.75,60.060001373291016,58.77000045776367,3280000.0,55.40599822998047
2018-10-16,59.66999816894531,58.59000015258789,59.0,58.95000076293945,3462700.0,55.57569885253906
2018-10-17,59.130001068115234,58.0099983215332,59.040000915527344,59.09000015258789,2446200.0,55.707679748535156
2018-10-18,59.09000015258789,56.90999984741211,58.790000915527344,58.29999923706055,3846100.0,54.96289825439453
2018-10-19,58.900001525878906,58.0,58.40999984741211,58.38999938964844,3484000.0,55.04774856567383
2018-10-22,59.52000045776367,58.20000076293945,58.529998779296875,59.18000030517578,2767900.0,55.79253005981445
2018-10-23,58.97999954223633,57.13999938964844,57.63999938964844,58.619998931884766,3619000.0,55.264583587646484
2018-10-24,59.0099983215332,55.59000015258789,58.20000076293945,55.65999984741211,4707600.0,52.47401428222656
2018-10-25,58.189998626708984,56.06999969482422,56.20000076293945,57.720001220703125,3944300.0,54.41610336303711
2018-10-26,57.349998474121094,55.54999923706055,56.2599983215332,56.130001068115234,4610100.0,52.9171142578125
2018-10-29,57.779998779296875,56.18000030517578,57.040000915527344,56.849998474121094,3574600.0,53.59589767456055
2018-10-30,58.150001525878906,56.79999923706055,56.91999816894531,57.90999984741211,3865200.0,54.5952262878418
2018-10-31,59.720001220703125,58.560001373291016,58.70000076293945,59.119998931884766,3923000.0,55.7359619140625
2018-11-01,60.150001525878906,58.779998779296875,59.68000030517578,60.0099983215332,3035600.0,56.575016021728516
2018-11-02,60.869998931884766,59.470001220703125,60.58000183105469,60.52000045776367,2868200.0,57.05583190917969
2018-11-05,62.20000076293945,60.75,60.790000915527344,61.36000061035156,3617300.0,57.847747802734375
2018-11-06,62.4900016784668,61.290000915527344,61.290000915527344,62.43000030517578,2166800.0,58.856502532958984
2018-11-07,64.25,62.5099983215332,63.150001525878906,64.20999908447266,4019600.0,60.534610748291016
2018-11-08,64.4800033569336,63.61000061035156,63.91999816894531,64.12000274658203,2922300.0,60.44976806640625
2018-11-09,63.5099983215332,61.66999816894531,63.29999923706055,62.779998779296875,3217000.0,59.186466217041016
2018-11-12,63.29999923706055,61.970001220703125,62.5099983215332,62.15999984741211,2603600.0,58.60195541381836
2018-11-13,64.11000061035156,62.27000045776367,62.27000045776367,63.08000183105469,1990400.0,59.469295501708984
2018-11-14,63.93000030517578,61.56999969482422,63.349998474121094,62.099998474121094,1903900.0,58.54539489746094
2018-11-15,63.06999969482422,61.630001068115234,61.84000015258789,62.849998474121094,2041700.0,59.2524528503418
2018-11-16,63.810001373291016,62.599998474121094,62.599998474121094,63.22999954223633,2989500.0,59.61070251464844
2018-11-19,63.18000030517578,61.66999816894531,63.18000030517578,62.13999938964844,1785800.0,58.58310317993164
2018-11-20,61.41999816894531,59.61000061035156,61.22999954223633,60.18000030517578,2426800.0,56.73529052734375
2018-11-21,61.43000030517578,59.650001525878906,60.720001220703125,60.65999984741211,1981200.0,57.18781280517578
2018-11-23,59.84000015258789,58.22999954223633,59.47999954223633,59.41999816894531,1019100.0,56.018795013427734
2018-11-26,60.72999954223633,59.310001373291016,59.709999084472656,59.400001525878906,1936800.0,55.999942779541016
2018-11-27,59.0099983215332,57.130001068115234,58.70000076293945,58.279998779296875,3437700.0,54.94404602050781
2018-11-28,59.65999984741211,57.04999923706055,58.25,59.650001525878906,2360600.0,56.235626220703125
2018-11-29,60.4900016784668,59.0,59.689998626708984,59.97999954223633,1658700.0,56.54673767089844
2018-11-30,60.4900016784668,59.56999969482422,59.56999969482422,60.40999984741211,2403200.0,56.95212936401367
2018-12-03,62.779998779296875,60.5099983215332,62.08000183105469,61.189998626708984,2519600.0,57.68748092651367
2018-12-04,61.779998779296875,59.59000015258789,61.189998626708984,59.65999984741211,3068300.0,56.24505615234375
2018-12-06,59.189998626708984,57.349998474121094,58.279998779296875,59.18000030517578,2284600.0,55.79253005981445
2018-12-07,60.599998474121094,57.290000915527344,59.619998931884766,57.5099983215332,2205700.0,54.21812057495117
2018-12-10,57.70000076293945,56.06999969482422,57.400001525878906,56.97999954223633,1887000.0,53.71845626831055
2018-12-11,58.27000045776367,56.220001220703125,58.119998931884766,56.459999084472656,1578100.0,53.22822570800781
2018-12-12,57.720001220703125,56.20000076293945,57.36000061035156,56.29999923706055,3010800.0,53.0773811340332
2018-12-13,56.9900016784668,55.52000045776367,56.77000045776367,55.70000076293945,3120500.0,52.51172637939453
2018-12-14,57.439998626708984,55.29999923706055,55.29999923706055,56.38999938964844,3614800.0,53.1622314453125
2018-12-17,57.20000076293945,54.130001068115234,56.47999954223633,54.81999969482422,3694700.0,51.68209457397461
2018-12-18,55.790000915527344,54.47999954223633,55.189998626708984,54.970001220703125,2841700.0,51.82351303100586
2018-12-19,56.2599983215332,53.27000045776367,55.0,53.619998931884766,2614100.0,50.550785064697266
2018-12-20,54.02000045776367,51.61000061035156,53.70000076293945,52.2599983215332,3036300.0,49.26863098144531
2018-12-21,53.27000045776367,51.59000015258789,52.2599983215332,51.93000030517578,5453100.0,48.957523345947266
2018-12-24,51.720001220703125,50.02000045776367,51.439998626708984,50.029998779296875,994100.0,47.16627502441406
2018-12-26,52.33000183105469,49.790000915527344,50.529998779296875,52.310001373291016,1776600.0,49.315773010253906
2018-12-27,52.470001220703125,50.52000045776367,51.59000015258789,52.459999084472656,2062600.0,49.457183837890625
2018-12-28,52.810001373291016,51.560001373291016,52.2400016784668,51.900001525878906,1860400.0,49.30518341064453
2018-12-31,52.22999954223633,51.02000045776367,51.95000076293945,51.810001373291016,1681700.0,49.21968460083008
2019-01-02,52.45000076293945,50.630001068115234,50.869998931884766,52.209999084472656,2707300.0,49.59968948364258
2019-01-03,52.380001068115234,50.90999984741211,51.7599983215332,51.29999923706055,3321900.0,48.73518371582031
2019-01-04,54.13999938964844,52.04999923706055,52.65999984741211,53.83000183105469,2662400.0,51.13869094848633
2019-01-07,54.599998474121094,53.29999923706055,54.27000045776367,53.41999816894531,3021800.0,50.74918746948242
2019-01-08,55.400001525878906,54.18000030517578,54.18000030517578,55.2599983215332,2835600.0,52.4971923828125
2019-01-09,56.380001068115234,54.849998474121094,55.9900016784668,55.91999816894531,2145100.0,53.12419128417969
2019-01-10,56.5099983215332,55.41999816894531,55.779998779296875,56.4900016784668,2042400.0,53.66569900512695
2019-01-11,56.650001525878906,55.75,56.189998626708984,56.59000015258789,1619900.0,53.76070022583008
2019-01-14,56.630001068115234,55.7599983215332,56.209999084472656,56.2599983215332,1696100.0,53.447200775146484
2019-01-15,56.630001068115234,55.52000045776367,56.38999938964844,55.880001068115234,1689300.0,53.08620071411133
2019-01-16,57.09000015258789,55.84000015258789,56.0,56.869998931884766,2633200.0,54.02669906616211
2019-01-17,58.16999816894531,56.34000015258789,56.619998931884766,57.7400016784668,1926400.0,54.85321044921875
2019-01-18,58.88999938964844,57.5,58.18000030517578,58.72999954223633,3000500.0,55.79370880126953
2019-01-22,58.20000076293945,57.15999984741211,58.119998931884766,57.70000076293945,3052100.0,54.815208435058594
2019-01-23,58.0,56.47999954223633,57.86000061035156,57.279998779296875,2165100.0,54.416202545166016
2019-01-24,57.130001068115234,56.4900016784668,57.0099983215332,56.869998931884766,1884000.0,54.02669906616211
2019-01-25,58.58000183105469,57.45000076293945,57.849998474121094,58.099998474121094,3417000.0,55.19520950317383
2019-01-28,58.5099983215332,56.900001525878906,57.65999984741211,58.5,2963200.0,55.5752067565918
2019-01-29,61.279998779296875,59.38999938964844,60.209999084472656,60.130001068115234,3435000.0,57.12371826171875
2019-01-30,60.849998474121094,59.5099983215332,60.27000045776367,60.34000015258789,3529200.0,57.32321548461914
2019-01-31,61.560001373291016,58.900001525878906,59.7400016784668,61.2400016784668,4474900.0,58.178218841552734
2019-02-01,61.97999954223633,61.18000030517578,61.2599983215332,61.47999954223633,2904000.0,58.406219482421875
2019-02-04,62.310001373291016,61.130001068115234,61.470001220703125,62.099998474121094,2545400.0,58.99522399902344
2019-02-05,61.93000030517578,61.150001525878906,61.93000030517578,61.380001068115234,2355100.0,58.31121826171875
2019-02-06,61.349998474121094,60.279998779296875,61.119998931884766,60.439998626708984,3132500.0,57.418212890625
2019-02-07,60.380001068115234,58.849998474121094,59.97999954223633,59.34000015258789,2769300.0,56.373207092285156
2019-02-08,59.869998931884766,58.849998474121094,59.31999969482422,59.81999969482422,2795600.0,56.8292121887207
2019-02-11,60.040000915527344,59.029998779296875,59.650001525878906,59.900001525878906,2602200.0,56.90521240234375
2019-02-12,61.72999954223633,60.20000076293945,60.40999984741211,61.58000183105469,2430900.0,58.501216888427734
2019-02-13,62.119998931884766,60.81999969482422,62.0099983215332,61.25,2166400.0,58.18771743774414
2019-02-14,60.75,59.130001068115234,60.70000076293945,59.72999954223633,4712200.0,56.743709564208984
2019-02-15,60.880001068115234,59.040000915527344,60.619998931884766,59.5,3952500.0,56.525211334228516
2019-02-19,60.06999969482422,59.16999816894531,59.25,59.88999938964844,2712800.0,56.895713806152344
2019-02-20,61.72999954223633,59.9900016784668,60.16999816894531,61.47999954223633,2469900.0,58.406219482421875
2019-02-21,61.70000076293945,60.7400016784668,61.439998626708984,61.060001373291016,2252100.0,58.00722122192383
2019-02-22,62.040000915527344,60.970001220703125,61.560001373291016,61.189998626708984,1852500.0,58.13071823120117
2019-02-25,61.59000015258789,60.97999954223633,61.36000061035156,61.459999084472656,1766200.0,58.3872184753418
2019-02-26,61.709999084472656,60.93000030517578,61.15999984741211,61.060001373291016,1278000.0,58.00722122192383
2019-02-27,61.43000030517578,60.470001220703125,60.900001525878906,60.900001525878906,2706700.0,57.855220794677734
2019-02-28,60.97999954223633,60.290000915527344,60.97999954223633,60.56999969482422,2428000.0,57.54171371459961
2019-03-01,61.11000061035156,59.880001068115234,60.779998779296875,60.369998931884766,2004800.0,57.35171127319336
2019-03-04,61.2599983215332,60.0099983215332,60.5,60.849998474121094,2076500.0,57.80771255493164
2019-03-05,60.90999984741211,60.25,60.779998779296875,60.369998931884766,1821100.0,57.35171127319336
2019-03-06,60.54999923706055,59.619998931884766,60.47999954223633,59.650001525878906,1807300.0,56.66770935058594
2019-03-07,59.599998474121094,58.900001525878906,59.5,59.0099983215332,2631200.0,56.0597038269043
2019-03-08,58.470001220703125,57.599998474121094,58.470001220703125,57.790000915527344,2013800.0,54.90070343017578
2019-03-11,58.9900016784668,57.34000015258789,57.58000183105469,58.970001220703125,2691100.0,56.02170944213867
2019-03-12,59.61000061035156,58.959999084472656,59.189998626708984,59.060001373291016,1753400.0,56.10721206665039
2019-03-13,59.849998474121094,59.2400016784668,59.529998779296875,59.5,2048200.0,56.525211334228516
2019-03-14,59.209999084472656,58.68000030517578,59.189998626708984,58.81999969482422,2536300.0,55.879207611083984
2019-03-15,59.310001373291016,58.16999816894531,58.790000915527344,58.529998779296875,4344000.0,55.603702545166016
2019-03-18,59.4900016784668,58.54999923706055,58.869998931884766,58.90999984741211,2606400.0,55.96470642089844
2019-03-19,59.70000076293945,58.630001068115234,59.279998779296875,58.970001220703125,2448800.0,56.02170944213867
2019-03-20,59.0099983215332,57.31999969482422,59.0099983215332,58.150001525878906,1622300.0,55.242706298828125
2019-03-21,59.02000045776367,57.630001068115234,57.7599983215332,58.81999969482422,1612400.0,55.879207611083984
2019-03-22,58.349998474121094,56.68000030517578,58.22999954223633,57.0,2190600.0,54.150203704833984
2019-03-25,57.4900016784668,56.459999084472656,56.95000076293945,56.880001068115234,1504000.0,54.03620147705078
2019-03-26,57.540000915527344,56.54999923706055,57.439998626708984,56.939998626708984,1926900.0,54.093204498291016
2019-03-27,57.65999984741211,56.81999969482422,57.0,57.58000183105469,2306100.0,54.70120620727539
2019-03-28,57.79999923706055,56.95000076293945,57.619998931884766,57.619998931884766,1587800.0,55.12213134765625
2019-03-29,58.79999923706055,58.040000915527344,58.11000061035156,58.349998474121094,2882400.0,55.82048416137695
2019-04-01,59.75,58.75,59.209999084472656,59.709999084472656,2350100.0,57.12152862548828
2019-04-02,59.91999816894531,59.02000045776367,59.91999816894531,59.4900016784668,1675300.0,56.911067962646484
2019-04-03,60.86000061035156,60.029998779296875,60.09000015258789,60.58000183105469,2380000.0,57.95381546020508
2019-04-04,60.91999816894531,60.380001068115234,60.720001220703125,60.70000076293945,1773900.0,58.0686149597168
2019-04-05,61.16999816894531,60.40999984741211,60.88999938964844,60.689998626708984,1843600.0,58.05904006958008
2019-04-08,60.70000076293945,60.09000015258789,60.70000076293945,60.47999954223633,1728900.0,57.85814666748047
2019-04-09,60.08000183105469,58.7599983215332,60.08000183105469,58.84000015258789,1930500.0,56.289241790771484
2019-04-10,59.06999969482422,57.86000061035156,58.95000076293945,58.22999954223633,2069400.0,55.7056884765625
2019-04-11,58.40999984741211,57.310001373291016,58.2400016784668,57.66999816894531,2387200.0,55.169960021972656
2019-04-12,58.869998931884766,57.9900016784668,58.400001525878906,58.540000915527344,2208300.0,56.002254486083984
2019-04-15,58.5,57.790000915527344,58.5,57.900001525878906,1993800.0,55.38999557495117
2019-04-16,58.38999938964844,57.83000183105469,58.119998931884766,58.220001220703125,1754900.0,55.69612503051758
2019-04-17,59.29999923706055,57.939998626708984,58.84000015258789,58.0,2260900.0,55.48565673828125
2019-04-18,58.189998626708984,57.34000015258789,58.02000045776367,57.5,3601400.0,55.0073356628418
2019-04-22,57.650001525878906,56.77000045776367,57.529998779296875,56.97999954223633,2421900.0,54.50986862182617
2019-04-23,58.970001220703125,56.790000915527344,57.68000030517578,58.619998931884766,4806300.0,56.07878112792969
2019-04-24,59.189998626708984,58.08000183105469,58.369998931884766,58.31999969482422,2805900.0,55.791786193847656
2019-04-25,58.70000076293945,57.20000076293945,58.279998779296875,57.400001525878906,2598400.0,54.91166687011719
2019-04-26,57.529998779296875,56.310001373291016,57.380001068115234,56.38999938964844,2260300.0,53.94545364379883
2019-04-29,56.939998626708984,55.9900016784668,56.20000076293945,56.880001068115234,2300000.0,54.41421127319336
2019-04-30,57.349998474121094,56.369998931884766,56.790000915527344,57.06999969482422,2729500.0,54.595970153808594
2019-05-01,57.220001220703125,55.75,56.959999084472656,55.849998474121094,2237600.0,53.42885971069336
2019-05-02,56.380001068115234,55.310001373291016,55.599998474121094,55.900001525878906,2404700.0,53.47669219970703
2019-05-03,57.91999816894531,56.380001068115234,56.400001525878906,57.650001525878906,2104800.0,55.15083312988281
2019-05-06,56.95000076293945,56.13999938964844,56.34000015258789,56.68000030517578,1680200.0,54.222877502441406
2019-05-07,56.52000045776367,55.45000076293945,56.20000076293945,56.18000030517578,2182400.0,53.74455261230469
2019-05-08,57.18000030517578,55.83000183105469,55.880001068115234,56.41999816894531,2770100.0,53.97414779663086
2019-05-09,56.7400016784668,54.9900016784668,55.4900016784668,56.560001373291016,2146400.0,54.10807800292969
2019-05-10,56.93000030517578,55.779998779296875,56.380001068115234,56.79999923706055,1950900.0,54.33767318725586
2019-05-13,55.79999923706055,54.040000915527344,55.400001525878906,54.689998626708984,3261900.0,52.31914520263672
2019-05-14,55.52000045776367,54.630001068115234,54.90999984741211,55.18000030517578,1837600.0,52.787906646728516
2019-05-15,55.11000061035156,53.880001068115234,54.150001525878906,54.869998931884766,1409600.0,52.49134063720703
2019-05-16,55.439998626708984,54.630001068115234,55.18000030517578,54.97999954223633,1173000.0,52.59657287597656
2019-05-17,54.220001220703125,52.5099983215332,53.959999084472656,53.290000915527344,2709800.0,50.97983932495117
2019-05-20,53.25,52.54999923706055,52.93000030517578,52.619998931884766,1939900.0,50.33888244628906
2019-05-21,53.90999984741211,52.939998626708984,53.099998474121094,53.68000030517578,1771000.0,51.352928161621094
2019-05-22,53.5,52.5,53.2400016784668,52.880001068115234,2003400.0,50.58761215209961
2019-05-23,51.90999984741211,51.0,51.900001525878906,51.38999938964844,2553000.0,49.16220474243164
2019-05-24,52.349998474121094,51.119998931884766,52.0,51.15999984741211,1836700.0,48.942176818847656
2019-05-28,51.470001220703125,50.560001373291016,51.15999984741211,51.0099983215332,3851400.0,48.79867935180664
2019-05-29,51.0,50.16999816894531,50.439998626708984,50.7599983215332,2870800.0,48.559513092041016
2019-05-30,50.75,49.119998931884766,50.11000061035156,49.279998779296875,2921300.0,47.1436767578125
2019-05-31,48.540000915527344,47.130001068115234,47.72999954223633,48.0,3610000.0,45.919166564941406
2019-06-03,49.81999969482422,47.9900016784668,48.0,49.779998779296875,3432400.0,47.62199783325195
2019-06-04,50.43000030517578,49.58000183105469,50.25,50.150001525878906,3760100.0,47.97595977783203
2019-06-05,50.599998474121094,49.560001373291016,50.29999923706055,50.59000015258789,2824200.0,48.39688491821289
2019-06-06,50.970001220703125,50.029998779296875,50.70000076293945,50.41999816894531,3471400.0,48.2342529296875
2019-06-07,51.04999923706055,49.849998474121094,50.459999084472656,50.84000015258789,2243900.0,48.63604736328125
2019-06-10,51.65999984741211,50.790000915527344,51.11000061035156,50.939998626708984,4174400.0,48.731712341308594
2019-06-11,52.290000915527344,51.459999084472656,52.119998931884766,51.7400016784668,2211700.0,49.49703598022461
2019-06-12,51.81999969482422,51.04999923706055,51.58000183105469,51.130001068115234,1674700.0,48.91347885131836
2019-06-13,52.439998626708984,51.349998474121094,51.40999984741211,52.13999938964844,1973500.0,49.87969207763672
2019-06-14,52.150001525878906,51.540000915527344,51.90999984741211,51.70000076293945,1553600.0,49.45876693725586
2019-06-17,51.560001373291016,50.29999923706055,51.0,50.75,2588500.0,48.549949645996094
2019-06-18,53.18000030517578,51.29999923706055,51.29999923706055,52.619998931884766,2863200.0,50.33888244628906
2019-06-19,54.790000915527344,53.529998779296875,53.7400016784668,54.25,5546800.0,51.898223876953125
2019-06-20,55.40999984741211,53.41999816894531,54.9900016784668,53.810001373291016,3689600.0,51.477298736572266
2019-06-21,54.380001068115234,53.66999816894531,53.97999954223633,53.939998626708984,4127000.0,51.601661682128906
2019-06-24,54.220001220703125,53.13999938964844,53.779998779296875,53.7400016784668,2439600.0,51.41033172607422
2019-06-25,55.209999084472656,53.790000915527344,54.029998779296875,54.290000915527344,3280500.0,51.93648910522461
2019-06-26,55.43000030517578,54.279998779296875,54.83000183105469,55.119998931884766,3326900.0,52.730506896972656
2019-06-27,55.11000061035156,54.36000061035156,54.9900016784668,54.56999969482422,1593900.0,52.58595657348633
2019-06-28,55.150001525878906,54.40999984741211,54.900001525878906,55.099998474121094,2259300.0,53.09668731689453
2019-07-01,55.83000183105469,55.18000030517578,55.59000015258789,55.66999816894531,1697200.0,53.645965576171875
2019-07-02,55.400001525878906,55.0,55.369998931884766,55.13999938964844,1831000.0,53.13523483276367
2019-07-03,55.47999954223633,55.060001373291016,55.29999923706055,55.290000915527344,910600.0,53.279781341552734
2019-07-05,55.5099983215332,54.459999084472656,54.75,55.310001373291016,1822700.0,53.29905700683594
2019-07-08,55.380001068115234,54.22999954223633,55.04999923706055,54.54999923706055,2001400.0,52.566688537597656
2019-07-09,54.619998931884766,53.58000183105469,54.119998931884766,54.52000045776367,3120900.0,52.537776947021484
2019-07-10,55.189998626708984,54.130001068115234,54.970001220703125,54.16999816894531,1529300.0,52.20050048828125
2019-07-11,54.25,53.36000061035156,53.97999954223633,54.099998474121094,2035600.0,52.13304138183594
2019-07-12,55.279998779296875,54.25,54.400001525878906,55.16999816894531,1906600.0,53.16414260864258
2019-07-15,55.709999084472656,54.720001220703125,55.540000915527344,55.22999954223633,1478100.0,53.221961975097656
2019-07-16,56.380001068115234,55.099998474121094,55.369998931884766,55.560001373291016,2215800.0,53.53996276855469
2019-07-17,55.540000915527344,54.470001220703125,55.34000015258789,54.70000076293945,2043900.0,52.71123504638672
2019-07-18,55.27000045776367,54.13999938964844,55.08000183105469,54.689998626708984,2482600.0,52.70159912109375
2019-07-19,56.90999984741211,54.93000030517578,55.470001220703125,56.709999084472656,4016600.0,54.64815139770508
2019-07-22,57.16999816894531,55.40999984741211,57.04999923706055,56.27000045776367,2922100.0,54.224151611328125
2019-07-23,57.0,55.650001525878906,56.599998474121094,56.58000183105469,1914900.0,54.52288055419922
2019-07-24,56.709999084472656,55.9900016784668,56.04999923706055,56.58000183105469,1497400.0,54.52288055419922
2019-07-25,56.7599983215332,56.040000915527344,56.689998626708984,56.20000076293945,1723900.0,54.15669631958008
2019-07-26,56.290000915527344,55.779998779296875,56.04999923706055,56.15999984741211,1916300.0,54.11814880371094
2019-07-29,56.11000061035156,55.439998626708984,55.900001525878906,55.72999954223633,1552400.0,53.70378494262695
2019-07-30,56.2599983215332,55.11000061035156,55.369998931884766,56.25,1693200.0,54.20487594604492
2019-07-31,56.38999938964844,54.20000076293945,56.279998779296875,54.380001068115234,2888500.0,52.402862548828125
2019-08-01,54.7400016784668,52.52000045776367,53.849998474121094,53.060001373291016,2882200.0,51.130863189697266
2019-08-02,53.27000045776367,51.83000183105469,52.900001525878906,52.56999969482422,1805600.0,50.65867233276367
2019-08-05,51.720001220703125,50.349998474121094,51.52000045776367,50.75,2128100.0,48.904842376708984
2019-08-06,51.43000030517578,50.20000076293945,50.93000030517578,51.34000015258789,1470500.0,49.4734001159668
2019-08-07,51.43000030517578,50.45000076293945,50.75,51.25,1920800.0,49.38666534423828
2019-08-08,52.38999938964844,51.43000030517578,51.7599983215332,52.16999816894531,1374500.0,50.27322006225586
2019-08-09,51.90999984741211,50.599998474121094,51.709999084472656,51.060001373291016,1500800.0,49.20357894897461
2019-08-12,50.81999969482422,49.08000183105469,50.81999969482422,49.36000061035156,1775400.0,47.56538009643555
2019-08-13,51.18000030517578,48.95000076293945,49.20000076293945,50.16999816894531,2508000.0,48.34593200683594
2019-08-14,49.689998626708984,48.470001220703125,49.279998779296875,48.4900016784668,2185400.0,46.72701644897461
2019-08-15,48.86000061035156,47.349998474121094,48.70000076293945,47.709999084472656,1651300.0,45.975372314453125
2019-08-16,49.189998626708984,47.90999984741211,48.0099983215332,48.7599983215332,1381200.0,46.9871940612793
2019-08-19,50.369998931884766,49.619998931884766,49.68000030517578,49.90999984741211,1962900.0,48.09538269042969
2019-08-20,49.849998474121094,48.939998626708984,49.2400016784668,49.029998779296875,1506400.0,47.24737548828125
2019-08-21,49.849998474121094,49.150001525878906,49.66999816894531,49.189998626708984,1673200.0,47.40156173706055
2019-08-22,49.45000076293945,48.650001525878906,49.43000030517578,48.93000030517578,1352100.0,47.15102005004883
2019-08-23,48.61000061035156,46.7599983215332,48.310001373291016,46.95000076293945,2143300.0,45.243003845214844
2019-08-26,47.72999954223633,46.9900016784668,47.41999816894531,47.400001525878906,1330700.0,45.67664337158203
2019-08-27,47.84000015258789,46.56999969482422,47.720001220703125,46.61000061035156,1274800.0,44.915367126464844
2019-08-28,47.380001068115234,46.099998474121094,46.41999816894531,47.29999923706055,1309600.0,45.58027648925781
2019-08-29,48.88999938964844,47.90999984741211,47.959999084472656,48.810001373291016,2092800.0,47.035377502441406
2019-08-30,49.630001068115234,48.72999954223633,49.2599983215332,48.97999954223633,2361400.0,47.19919967651367
2019-09-03,48.58000183105469,47.7599983215332,48.36000061035156,48.560001373291016,1645400.0,46.79446792602539
2019-09-04,49.47999954223633,48.650001525878906,49.15999984741211,49.29999923706055,2005500.0,47.50756072998047
2019-09-05,50.66999816894531,49.83000183105469,50.0,50.349998474121094,1871500.0,48.51939010620117
2019-09-06,50.56999969482422,49.529998779296875,50.47999954223633,50.15999984741211,1676600.0,48.336299896240234
2019-09-09,51.34000015258789,50.459999084472656,50.470001220703125,51.22999954223633,1731900.0,49.36739730834961
2019-09-10,52.630001068115234,51.15999984741211,51.5099983215332,52.630001068115234,1984000.0,50.716495513916016
2019-09-11,53.349998474121094,51.65999984741211,52.63999938964844,53.2599983215332,1968200.0,51.32358932495117
2019-09-12,53.849998474121094,52.2599983215332,53.41999816894531,53.689998626708984,2763400.0,51.737953186035156
2019-09-13,54.560001373291016,53.529998779296875,54.38999938964844,53.599998474121094,1960800.0,51.65122604370117
2019-09-16,53.959999084472656,52.209999084472656,52.29999923706055,53.15999984741211,2167000.0,51.22722244262695
2019-09-17,53.189998626708984,51.63999938964844,52.220001220703125,53.09000015258789,1829300.0,51.159767150878906
2019-09-18,53.22999954223633,52.29999923706055,52.79999923706055,52.88999938964844,2869900.0,50.967041015625
2019-09-19,53.150001525878906,52.04999923706055,52.09000015258789,52.720001220703125,2835700.0,50.80322265625
2019-09-20,53.400001525878906,52.33000183105469,52.779998779296875,52.619998931884766,3932900.0,50.70685577392578
2019-09-23,53.06999969482422,51.380001068115234,51.689998626708984,52.86000061035156,3037600.0,50.938133239746094
2019-09-24,52.70000076293945,50.15999984741211,52.540000915527344,50.630001068115234,3657300.0,48.78921127319336
2019-09-25,51.900001525878906,50.279998779296875,50.5,51.68000030517578,3538800.0,49.8010368347168
2019-09-26,50.90999984741211,49.040000915527344,50.63999938964844,49.34000015258789,2939000.0,47.91698455810547
2019-09-27,50.33000183105469,49.47999954223633,49.83000183105469,50.0099983215332,1809300.0,48.56766128540039
2019-09-30,51.13999938964844,49.68000030517578,49.86000061035156,50.90999984741211,1829200.0,49.44170379638672
2019-10-01,52.36000061035156,50.31999969482422,51.52000045776367,50.40999984741211,2079000.0,48.95612716674805
2019-10-02,49.9900016784668,48.91999816894531,49.79999923706055,49.31999969482422,2278500.0,47.89756393432617
2019-10-03,49.58000183105469,48.29999923706055,49.040000915527344,49.56999969482422,1600000.0,48.14035415649414
2019-10-04,50.130001068115234,49.61000061035156,49.709999084472656,50.08000183105469,1601000.0,48.635643005371094
2019-10-07,50.54999923706055,49.470001220703125,50.02000045776367,49.68000030517578,1435100.0,48.2471809387207
2019-10-08,49.470001220703125,48.58000183105469,49.2599983215332,48.650001525878906,1400000.0,47.24688720703125
2019-10-09,49.130001068115234,48.40999984741211,49.130001068115234,48.79999923706055,1756300.0,47.39255905151367
2019-10-10,50.31999969482422,49.25,49.290000915527344,50.209999084472656,1696000.0,48.76189422607422
2019-10-11,52.9900016784668,51.099998474121094,51.18000030517578,52.68000030517578,2948100.0,51.1606559753418
2019-10-14,52.20000076293945,51.540000915527344,51.709999084472656,51.72999954223633,2606900.0,50.23805618286133
2019-10-15,53.470001220703125,51.560001373291016,51.56999969482422,52.810001373291016,2066900.0,51.28691101074219
2019-10-16,53.099998474121094,51.290000915527344,52.369998931884766,51.52000045776367,2006400.0,50.03411102294922
2019-10-17,52.459999084472656,51.150001525878906,52.150001525878906,51.75,1563900.0,50.257476806640625
2019-10-18,52.31999969482422,51.619998931884766,51.90999984741211,51.68000030517578,1489700.0,50.18949890136719
2019-10-21,53.06999969482422,51.70000076293945,52.720001220703125,51.790000915527344,2525000.0,50.29632568359375
2019-10-22,53.4900016784668,51.5,52.130001068115234,53.13999938964844,3726600.0,51.607391357421875
2019-10-23,53.459999084472656,52.7400016784668,53.150001525878906,52.970001220703125,2625100.0,51.44229507446289
2019-10-24,53.68000030517578,52.22999954223633,53.31999969482422,52.709999084472656,2057100.0,51.189788818359375
2019-10-25,54.189998626708984,52.81999969482422,52.849998474121094,53.81999969482422,2171600.0,52.26777648925781
2019-10-28,55.06999969482422,54.0,54.0,54.72999954223633,2078800.0,53.15153503417969
2019-10-29,55.06999969482422,54.369998931884766,54.58000183105469,54.630001068115234,1946100.0,53.054420471191406
2019-10-30,54.529998779296875,53.70000076293945,54.099998474121094,54.36000061035156,1783100.0,52.792205810546875
2019-10-31,54.25,53.29999923706055,53.7599983215332,53.849998474121094,2952500.0,52.29690933227539
2019-11-01,55.959999084472656,54.40999984741211,54.41999816894531,55.349998474121094,2254400.0,53.7536506652832
2019-11-04,56.290000915527344,55.189998626708984,56.0,55.90999984741211,1467900.0,54.29750061035156
2019-11-05,56.40999984741211,55.41999816894531,56.31999969482422,55.470001220703125,1836800.0,53.87019348144531
2019-11-06,55.52000045776367,54.939998626708984,55.52000045776367,55.13999938964844,1577500.0,53.549705505371094
2019-11-07,55.9900016784668,55.34000015258789,55.810001373291016,55.52000045776367,1217500.0,53.91875076293945
2019-11-08,55.560001373291016,54.689998626708984,55.189998626708984,55.560001373291016,1627100.0,53.95759582519531
2019-11-11,55.630001068115234,54.560001373291016,55.130001068115234,55.459999084472656,1315600.0,53.860477447509766
2019-11-12,56.040000915527344,55.08000183105469,55.5,55.29999923706055,1839800.0,53.70509338378906
2019-11-13,55.290000915527344,54.65999984741211,55.11000061035156,54.66999816894531,1372000.0,53.09326171875
2019-11-14,55.0,54.27000045776367,54.40999984741211,54.4900016784668,1098600.0,52.91845703125
2019-11-15,55.18000030517578,54.63999938964844,54.849998474121094,54.95000076293945,1244500.0,53.36518859863281
2019-11-18,55.4900016784668,54.36000061035156,54.849998474121094,55.459999084472656,1357500.0,53.860477447509766
2019-11-19,55.939998626708984,54.720001220703125,55.869998931884766,54.79999923706055,1104900.0,53.21951675415039
2019-11-20,55.029998779296875,53.90999984741211,54.38999938964844,54.099998474121094,2282400.0,52.53969955444336
2019-11-21,54.66999816894531,53.88999938964844,54.27000045776367,54.2400016784668,1410600.0,52.67566680908203
2019-11-22,55.5099983215332,54.599998474121094,54.599998474121094,55.2400016784668,1265600.0,53.646827697753906
2019-11-25,56.25,55.189998626708984,55.47999954223633,55.91999816894531,1480800.0,54.30720901489258
2019-11-26,56.31999969482422,55.66999816894531,55.83000183105469,56.0099983215332,1691400.0,54.394615173339844
2019-11-27,56.5099983215332,55.810001373291016,56.0099983215332,56.400001525878906,1456900.0,54.77336883544922
2019-11-29,56.56999969482422,56.060001373291016,56.380001068115234,56.36000061035156,1608100.0,54.734519958496094
2019-12-02,57.09000015258789,56.279998779296875,56.54999923706055,56.63999938964844,1626100.0,55.006446838378906
2019-12-03,55.900001525878906,54.58000183105469,55.58000183105469,55.279998779296875,2085900.0,53.6856689453125
2019-12-04,56.470001220703125,55.61000061035156,55.77000045776367,55.83000183105469,1831800.0,54.219810485839844
2019-12-05,56.529998779296875,55.70000076293945,56.0,56.4900016784668,1322200.0,54.86077880859375
2019-12-06,57.84000015258789,56.86000061035156,57.29999923706055,57.61000061035156,1906500.0,55.94847106933594
2019-12-09,58.4900016784668,57.75,58.0,57.75,1986600.0,56.08443069458008
2019-12-10,58.16999816894531,57.380001068115234,57.58000183105469,57.7400016784668,1681000.0,56.07472229003906
2019-12-11,58.58000183105469,57.709999084472656,57.939998626708984,58.119998931884766,1511800.0,56.44375991821289
2019-12-12,58.70000076293945,56.709999084472656,57.0,58.11000061035156,3511800.0,56.43404769897461
2019-12-13,58.08000183105469,56.470001220703125,57.79999923706055,56.470001220703125,2126900.0,54.84135055541992
2019-12-16,57.380001068115234,56.36000061035156,57.119998931884766,56.4900016784668,2360900.0,54.86077880859375
2019-12-17,57.20000076293945,56.40999984741211,56.439998626708984,57.16999816894531,1363600.0,55.52116012573242
2019-12-18,57.20000076293945,56.5099983215332,57.20000076293945,57.040000915527344,1341700.0,55.39491271972656
2019-12-19,57.25,56.45000076293945,57.15999984741211,56.529998779296875,1410900.0,54.89961624145508
2019-12-20,57.34000015258789,56.349998474121094,56.72999954223633,56.88999938964844,5240400.0,55.24923324584961
2019-12-23,57.0,56.45000076293945,56.83000183105469,56.77000045776367,1205200.0,55.13269805908203
2019-12-24,57.220001220703125,56.529998779296875,56.84000015258789,56.65999984741211,725700.0,55.0258674621582
2019-12-26,56.90999984741211,56.11000061035156,56.84000015258789,56.79999923706055,1274700.0,55.16183090209961
2019-12-27,56.9900016784668,56.5099983215332,56.93000030517578,56.68000030517578,1370200.0,55.04529571533203
2019-12-30,56.459999084472656,55.849998474121094,56.369998931884766,56.08000183105469,1262500.0,54.85260772705078
2019-12-31,56.45000076293945,55.81999969482422,55.90999984741211,56.279998779296875,1445400.0,55.0482292175293
2020-01-02,56.86000061035156,55.060001373291016,56.83000183105469,55.119998931884766,2466800.0,53.91361618041992
2020-01-03,54.93000030517578,54.22999954223633,54.5,54.38999938964844,2837400.0,53.19959259033203
2020-01-06,54.630001068115234,53.7599983215332,54.209999084472656,53.93000030517578,2239000.0,52.749664306640625
2020-01-07,54.59000015258789,53.61000061035156,53.75,53.810001373291016,2559000.0,52.63228988647461
2020-01-08,54.36000061035156,53.630001068115234,53.849998474121094,53.68000030517578,2130200.0,52.50513458251953
2020-01-09,53.81999969482422,53.06999969482422,53.75,53.5,2672800.0,52.32907485961914
2020-01-10,53.790000915527344,52.63999938964844,53.5,52.77000045776367,1646000.0,51.61505126953125
2020-01-13,53.97999954223633,52.880001068115234,52.9900016784668,53.369998931884766,1951100.0,52.20191955566406
2020-01-14,54.099998474121094,53.31999969482422,53.380001068115234,54.0,1845200.0,52.81813049316406
2020-01-15,54.0,53.22999954223633,53.68000030517578,53.43000030517578,1196100.0,52.26060485839844
2020-01-16,53.79999923706055,53.16999816894531,53.79999923706055,53.349998474121094,1782500.0,52.18235397338867
2020-01-17,54.0,53.2599983215332,53.63999938964844,53.810001373291016,2341300.0,52.63228988647461
2020-01-21,53.58000183105469,52.06999969482422,53.58000183105469,52.36000061035156,2282500.0,51.21402359008789
2020-01-22,52.599998474121094,51.77000045776367,52.54999923706055,51.970001220703125,1612300.0,50.83256149291992
2020-01-23,51.790000915527344,50.70000076293945,51.59000015258789,51.75,1652400.0,50.617374420166016
2020-01-24,51.59000015258789,49.84000015258789,51.59000015258789,50.33000183105469,2009700.0,49.22845458984375
2020-01-27,49.86000061035156,49.06999969482422,49.43000030517578,49.18000030517578,3016400.0,48.1036262512207
2020-01-28,52.68000030517578,49.369998931884766,52.68000030517578,49.470001220703125,4406700.0,48.38727569580078
2020-01-29,49.66999816894531,48.040000915527344,49.279998779296875,48.060001373291016,2860800.0,47.00813674926758
2020-01-30,48.88999938964844,47.66999816894531,47.95000076293945,48.86000061035156,2845700.0,47.790626525878906
2020-01-31,48.279998779296875,47.27000045776367,48.02000045776367,47.4900016784668,3214800.0,46.45061111450195
2020-02-03,48.209999084472656,47.540000915527344,47.66999816894531,47.939998626708984,2270000.0,46.8907585144043
2020-02-04,49.2599983215332,48.25,48.90999984741211,48.84000015258789,2984400.0,47.77106475830078
2020-02-05,49.63999938964844,49.0099983215332,49.619998931884766,49.52000045776367,2513100.0,48.43618392944336
2020-02-06,50.0,48.83000183105469,50.0,49.04999923706055,2033400.0,47.97646713256836
2020-02-07,48.66999816894531,47.7599983215332,48.560001373291016,47.91999816894531,1988400.0,46.87119674682617
2020-02-10,48.099998474121094,47.5,47.650001525878906,47.65999984741211,1850700.0,46.61688995361328
2020-02-11,48.97999954223633,47.869998931884766,47.900001525878906,48.34000015258789,1994200.0,47.282005310058594
2020-02-12,49.0099983215332,47.9900016784668,48.970001220703125,48.369998931884766,1770000.0,47.31134796142578
2020-02-13,48.310001373291016,47.72999954223633,47.95000076293945,47.95000076293945,2108600.0,46.900543212890625
2020-02-14,48.09000015258789,46.79999923706055,47.970001220703125,47.150001525878906,1995600.0,46.1180534362793
2020-02-18,47.59000015258789,46.939998626708984,47.0,47.38999938964844,1822800.0,46.35279846191406
2020-02-19,48.279998779296875,47.40999984741211,47.4900016784668,47.709999084472656,1736700.0,46.66579818725586
2020-02-20,48.13999938964844,47.58000183105469,47.91999816894531,47.849998474121094,1329500.0,46.802730560302734
2020-02-21,48.650001525878906,47.5,47.5099983215332,48.56999969482422,2348800.0,47.50697326660156
2020-02-24,47.869998931884766,47.0099983215332,47.2400016784668,47.290000915527344,2793400.0,46.25498580932617
2020-02-25,47.5,44.91999816894531,47.439998626708984,44.970001220703125,3336500.0,43.98576354980469
2020-02-26,45.470001220703125,43.65999984741211,45.40999984741211,43.66999816894531,2878600.0,42.71421432495117
2020-02-27,43.70000076293945,41.689998626708984,43.08000183105469,41.810001373291016,3649800.0,40.894927978515625
2020-02-28,41.66999816894531,39.93000030517578,40.369998931884766,41.349998474121094,4665900.0,40.44499206542969
2020-03-02,42.720001220703125,40.41999816894531,41.65999984741211,42.70000076293945,4039800.0,41.76544952392578
2020-03-03,44.08000183105469,41.189998626708984,42.7599983215332,41.869998931884766,3277600.0,40.95361328125
2020-03-04,43.25,41.970001220703125,42.720001220703125,43.189998626708984,2302600.0,42.244720458984375
2020-03-05,41.900001525878906,40.209999084472656,41.63999938964844,40.77000045776367,2899900.0,39.877689361572266
2020-03-06,40.93000030517578,38.86000061035156,39.689998626708984,39.61000061035156,2975000.0,38.74307632446289
2020-03-09,37.599998474121094,34.70000076293945,36.810001373291016,34.720001220703125,3939600.0,33.96010208129883
2020-03-10,37.33000183105469,34.52000045776367,36.52000045776367,37.130001068115234,3648300.0,36.31735610961914
2020-03-11,36.41999816894531,34.58000183105469,35.95000076293945,35.43000030517578,3356500.0,34.654563903808594
2020-03-12,34.58000183105469,31.600000381469727,32.560001373291016,31.770000457763672,4495200.0,31.07466697692871
2020-03-13,35.84000015258789,32.59000015258789,34.0,35.84000015258789,4387700.0,35.05558776855469
2020-03-16,33.689998626708984,30.299999237060547,31.75,30.639999389648438,3168400.0,29.969398498535156
2020-03-17,32.529998779296875,29.75,31.329999923706055,30.989999771118164,3875600.0,30.311737060546875
2020-03-18,29.719999313354492,27.530000686645508,29.190000534057617,29.350000381469727,4376500.0,28.707632064819336
2020-03-19,33.869998931884766,29.1200008392334,29.440000534057617,30.81999969482422,3166600.0,30.145458221435547
2020-03-20,32.209999084472656,30.049999237060547,31.84000015258789,30.6299991607666,4139900.0,29.959617614746094
2020-03-23,31.399999618530273,28.389999389648438,30.360000610351562,28.420000076293945,3721800.0,27.79798698425293
2020-03-24,32.650001525878906,30.18000030517578,30.399999618530273,31.979999542236328,3644400.0,31.28006935119629
2020-03-25,33.56999969482422,30.399999618530273,32.279998779296875,31.200000762939453,3323900.0,30.517141342163086
2020-03-26,33.779998779296875,30.760000228881836,31.459999084472656,33.540000915527344,4184100.0,32.80592727661133
2020-03-27,33.939998626708984,32.06999969482422,32.72999954223633,33.36000061035156,3114400.0,32.62986755371094
2020-03-30,35.13999938964844,32.15999984741211,32.79999923706055,34.91999816894531,5136000.0,34.57337951660156
2020-03-31,37.15999984741211,34.41999816894531,34.95000076293945,36.02000045776367,4390100.0,35.6624641418457
2020-04-01,36.13999938964844,34.04999923706055,34.16999816894531,35.900001525878906,5412700.0,35.54365539550781
2020-04-02,37.06999969482422,35.06999969482422,35.959999084472656,35.939998626708984,4188200.0,35.583255767822266
2020-04-03,36.40999984741211,35.41999816894531,35.630001068115234,35.650001525878906,3504600.0,35.29613494873047
2020-04-06,38.06999969482422,36.869998931884766,37.400001525878906,37.5099983215332,5256500.0,37.137672424316406
2020-04-07,39.40999984741211,37.13999938964844,39.33000183105469,37.31999969482422,4768400.0,36.94955825805664
2020-04-08,39.56999969482422,37.31999969482422,37.70000076293945,39.04999923706055,3152100.0,38.662384033203125
2020-04-09,40.90999984741211,38.810001373291016,39.880001068115234,39.43000030517578,3479100.0,39.03861618041992
2020-04-13,39.7400016784668,38.27000045776367,39.58000183105469,38.790000915527344,3278100.0,38.40496826171875
2020-04-14,39.970001220703125,37.84000015258789,39.540000915527344,38.380001068115234,3349400.0,37.99903869628906
2020-04-15,36.29999923706055,35.029998779296875,35.93000030517578,35.529998779296875,3675800.0,35.17732620239258
2020-04-16,35.849998474121094,34.720001220703125,35.849998474121094,35.5099983215332,2652600.0,35.15752410888672
2020-04-17,37.630001068115234,36.720001220703125,36.91999816894531,37.33000183105469,2111700.0,36.9594612121582
2020-04-20,37.290000915527344,35.849998474121094,36.2400016784668,36.529998779296875,2033800.0,36.16740036010742
2020-04-21,36.400001525878906,35.31999969482422,35.349998474121094,36.04999923706055,2043700.0,35.69216537475586
2020-04-22,37.119998931884766,36.060001373291016,37.04999923706055,36.400001525878906,1603200.0,36.038692474365234
2020-04-23,38.36000061035156,36.4900016784668,36.56999969482422,37.720001220703125,2363600.0,37.34558868408203
2020-04-24,38.90999984741211,37.66999816894531,38.31999969482422,37.869998931884766,2393500.0,37.49409866333008
2020-04-27,41.349998474121094,38.0099983215332,38.06999969482422,40.5,3438000.0,40.097991943359375
2020-04-28,41.20000076293945,39.04999923706055,39.33000183105469,40.4900016784668,4238400.0,40.08809280395508
2020-04-29,42.9900016784668,41.5,41.5,42.5,4256700.0,42.07814025878906
2020-04-30,42.22999954223633,40.970001220703125,41.619998931884766,41.189998626708984,4537600.0,40.78114318847656
2020-05-01,41.61000061035156,40.060001373291016,40.150001525878906,41.0,2802800.0,40.5930290222168
2020-05-04,41.220001220703125,39.90999984741211,40.25,41.060001373291016,2115100.0,40.652435302734375
2020-05-05,42.150001525878906,40.630001068115234,41.75,40.75,2726500.0,40.34551239013672
2020-05-06,41.45000076293945,40.209999084472656,41.099998474121094,40.5,1563700.0,40.097991943359375
2020-05-07,41.77000045776367,40.81999969482422,41.2400016784668,40.90999984741211,1803000.0,40.50392532348633
2020-05-08,42.27000045776367,41.47999954223633,41.5099983215332,42.20000076293945,1615100.0,41.78112030029297
2020-05-11,41.63999938964844,40.380001068115234,41.09000015258789,40.630001068115234,2326800.0,40.22670364379883
2020-05-12,40.86000061035156,38.9900016784668,40.86000061035156,39.0099983215332,1924900.0,38.62278366088867
2020-05-13,38.709999084472656,36.95000076293945,38.58000183105469,37.31999969482422,2895100.0,36.94955825805664
2020-05-14,37.5099983215332,35.75,36.369998931884766,37.4900016784668,2669600.0,37.11787414550781
2020-05-15,38.150001525878906,36.79999923706055,37.16999816894531,38.06999969482422,3585600.0,37.69211196899414
2020-05-18,41.36000061035156,40.0099983215332,40.060001373291016,40.86000061035156,2172800.0,40.45442199707031
2020-05-19,41.25,40.22999954223633,40.72999954223633,40.40999984741211,1119700.0,40.008888244628906
2020-05-20,41.68000030517578,40.58000183105469,40.77000045776367,40.68000030517578,1674400.0,40.276206970214844
2020-05-21,41.08000183105469,39.93000030517578,40.54999923706055,40.0,1533300.0,39.60295867919922
2020-05-22,40.13999938964844,38.97999954223633,40.0,39.47999954223633,1162200.0,39.08811950683594
2020-05-26,41.9900016784668,40.63999938964844,41.06999969482422,41.5099983215332,1910200.0,41.097965240478516
2020-05-27,43.16999816894531,42.209999084472656,42.459999084472656,43.099998474121094,2246700.0,42.672183990478516
2020-05-28,43.88999938964844,42.279998779296875,43.540000915527344,42.54999923706055,2000200.0,42.12764358520508
2020-05-29,42.38999938964844,41.33000183105469,42.16999816894531,42.2599983215332,3734000.0,41.84052276611328
2020-06-01,42.84000015258789,41.959999084472656,42.27000045776367,42.459999084472656,1580600.0,42.038536071777344
2020-06-02,43.33000183105469,42.599998474121094,42.84000015258789,43.22999954223633,1642700.0,42.80089569091797
2020-06-03,44.5099983215332,43.61000061035156,44.0,44.099998474121094,1514300.0,43.66225814819336
2020-06-04,44.650001525878906,43.400001525878906,43.9900016784668,44.63999938964844,1933500.0,44.1968994140625
2020-06-05,46.630001068115234,45.060001373291016,46.220001220703125,45.470001220703125,2276200.0,45.01866149902344
2020-06-08,46.29999923706055,45.20000076293945,45.58000183105469,45.4900016784668,2600600.0,45.0384635925293
2020-06-09,44.7599983215332,43.5099983215332,44.65999984741211,44.25,2012800.0,43.81077194213867
2020-06-10,45.0,43.7599983215332,44.29999923706055,44.099998474121094,1819900.0,43.66225814819336
2020-06-11,42.84000015258789,39.529998779296875,41.52000045776367,39.65999984741211,2771400.0,39.26633071899414
2020-06-12,41.72999954223633,40.2400016784668,41.290000915527344,41.20000076293945,1897000.0,40.791046142578125
2020-06-15,42.529998779296875,39.59000015258789,39.77000045776367,41.91999816894531,2609900.0,41.50389862060547
2020-06-16,45.31999969482422,43.34000015258789,45.099998474121094,44.59000015258789,3990000.0,44.147396087646484
2020-06-17,44.790000915527344,43.70000076293945,44.59000015258789,44.0,2169200.0,43.56325149536133
2020-06-18,44.43000030517578,43.29999923706055,43.5,43.52000045776367,2133300.0,43.088016510009766
2020-06-19,44.369998931884766,42.36000061035156,44.2400016784668,42.70000076293945,2871100.0,42.27615737915039
2020-06-22,42.7400016784668,42.02000045776367,42.5099983215332,42.29999923706055,1544000.0,41.880126953125
2020-06-23,43.16999816894531,42.20000076293945,42.939998626708984,42.220001220703125,1539700.0,41.80092239379883
2020-06-24,41.9900016784668,40.59000015258789,41.91999816894531,40.66999816894531,2122300.0,40.26630401611328
2020-06-25,41.459999084472656,39.900001525878906,40.25,41.41999816894531,1839100.0,41.00886154174805
2020-06-26,41.11000061035156,40.119998931884766,40.959999084472656,40.599998474121094,2897100.0,40.196998596191406
2020-06-29,41.349998474121094,40.540000915527344,40.70000076293945,40.900001525878906,1709900.0,40.900001525878906
2020-06-30,41.63999938964844,40.400001525878906,40.619998931884766,41.40999984741211,1701600.0,41.40999984741211
2020-07-01,41.4900016784668,39.95000076293945,41.400001525878906,40.380001068115234,2408900.0,40.380001068115234
2020-07-02,42.099998474121094,41.13999938964844,41.13999938964844,41.400001525878906,2072000.0,41.400001525878906
2020-07-06,42.41999816894531,40.630001068115234,42.380001068115234,41.650001525878906,2405000.0,41.650001525878906
2020-07-07,41.650001525878906,40.61000061035156,41.099998474121094,41.18000030517578,2659300.0,41.18000030517578
2020-07-08,41.38999938964844,39.279998779296875,41.38999938964844,39.65999984741211,3177100.0,39.65999984741211
2020-07-09,39.61000061035156,38.5099983215332,39.5,38.79999923706055,2644900.0,38.79999923706055
2020-07-10,40.599998474121094,38.869998931884766,38.90999984741211,40.45000076293945,1752900.0,40.45000076293945
2020-07-13,41.16999816894531,39.880001068115234,40.88999938964844,39.939998626708984,2211800.0,39.939998626708984
2020-07-14,41.119998931884766,39.47999954223633,39.7599983215332,41.060001373291016,1670200.0,41.060001373291016
2020-07-15,42.029998779296875,40.7599983215332,41.84000015258789,41.68000030517578,1864600.0,41.68000030517578
2020-07-16,42.38999938964844,41.16999816894531,41.5,41.7599983215332,1848000.0,41.7599983215332
2020-07-17,42.290000915527344,41.209999084472656,41.970001220703125,41.2599983215332,1176200.0,41.2599983215332
